tf,start_ts,end_ts,overlap_hours,kijun_flat_bars,ssb_flat_bars,kijun,ssb,range_mid,mid_spread,strength
D1,2024-08-05 00:00:00+00:00,2024-08-23 00:00:00+00:00,432.0,19,45,59484.5,59484.5,59484.5,0.0,69.2
D1,2024-09-06 00:00:00+00:00,2024-09-18 00:00:00+00:00,288.0,14,45,58843.100000000006,59484.5,59163.8,641.3999999999942,64.50074174152081
D1,2025-01-20 00:00:00+00:00,2025-02-07 00:00:00+00:00,432.0,19,36,99454.5,99454.5,99454.5,0.0,58.4
D1,2024-08-28 00:00:00+00:00,2024-08-30 00:00:00+00:00,48.0,3,45,57031.7,59484.5,58258.1,2452.800000000003,54.12136601499894
D1,2022-12-25 00:00:00+00:00,2022-12-26 00:00:00+00:00,24.0,15,36,17305.0,18458.45,17881.725,1153.4500000000007,51.85511664589371
D1,2022-11-21 00:00:00+00:00,2022-11-30 00:00:00+00:00,216.0,10,36,18458.45,18458.45,18458.45,0.0,51.199999999999996
D1,2025-02-08 00:00:00+00:00,2025-02-14 00:00:00+00:00,144.0,7,36,100565.15,99454.5,100009.825,1110.6499999999942,48.26400845130523
D1,2025-02-19 00:00:00+00:00,2025-02-24 00:00:00+00:00,120.0,6,36,98790.15,99454.5,99122.325,664.3500000000058,47.6804302778903
D1,2025-10-10 00:00:00+00:00,2025-10-31 00:00:00+00:00,504.0,22,25,113862.5,113862.5,113862.5,0.0,47.6
D1,2025-09-01 00:00:00+00:00,2025-09-08 00:00:00+00:00,168.0,8,34,115878.55,115878.55,115878.55,0.0,47.199999999999996
D1,2025-09-18 00:00:00+00:00,2025-09-26 00:00:00+00:00,192.0,9,34,112543.35,115878.55,114210.95000000001,3335.199999999997,46.63807023879557
D1,2025-02-16 00:00:00+00:00,2025-02-18 00:00:00+00:00,48.0,3,36,99103.4,99454.5,99278.95,351.1000000000058,45.439303904795786
D1,2022-12-18 00:00:00+00:00,2022-12-23 00:00:00+00:00,120.0,6,36,17192.05,18458.45,17825.25,1266.4000000000015,44.81603213970506
D1,2022-12-07 00:00:00+00:00,2022-12-12 00:00:00+00:00,120.0,6,36,16436.6,18458.45,17447.525,2021.8500000000022,43.01530994189592
D1,2025-09-13 00:00:00+00:00,2025-09-16 00:00:00+00:00,72.0,4,34,112304.45,115878.55,114091.5,3574.100000000006,42.6634972328361
D1,2025-09-28 00:00:00+00:00,2025-09-30 00:00:00+00:00,48.0,3,34,113220.6,115878.55,114549.57500000001,2657.949999999997,42.22034071617841
D1,2022-12-14 00:00:00+00:00,2022-12-16 00:00:00+00:00,48.0,3,36,16921.6,18458.45,17690.025,1536.8500000000022,41.955083184344815
D1,2025-07-20 00:00:00+00:00,2025-07-27 00:00:00+00:00,168.0,8,30,114155.0,110707.7,112431.35,3447.300000000003,41.138632871542775
D1,2025-07-14 00:00:00+00:00,2025-07-17 00:00:00+00:00,72.0,4,30,110707.7,110707.7,110707.7,0.0,39.2
D1,2025-07-30 00:00:00+00:00,2025-08-02 00:00:00+00:00,72.0,4,30,115350.0,110707.7,113028.85,4642.300000000003,37.65350232406159
D1,2025-08-05 00:00:00+00:00,2025-08-08 00:00:00+00:00,72.0,4,30,117575.0,110707.7,114141.35,6867.300000000003,36.97538085087306
D1,2020-09-16 00:00:00+00:00,2020-09-26 00:00:00+00:00,240.0,14,22,10934.825,11154.0,11044.4125,219.17499999999927,36.86835211250413
D1,2021-12-06 00:00:00+00:00,2021-12-10 00:00:00+00:00,96.0,5,28,53641.97,55043.795,54342.8825,1401.824999999997,36.65446413903957
D1,2021-07-26 00:00:00+00:00,2021-08-12 00:00:00+00:00,408.0,19,18,38705.42,38474.305,38589.8625,231.11499999999796,36.580916593354715
D1,2024-01-23 00:00:00+00:00,2024-02-05 00:00:00+00:00,312.0,14,20,43786.25,43786.25,43786.25,0.0,35.2
D1,2024-05-09 00:00:00+00:00,2024-05-16 00:00:00+00:00,168.0,8,25,61879.85,64714.05,63296.95,2834.2000000000044,34.83999567526045
D1,2022-10-13 00:00:00+00:00,2022-10-25 00:00:00+00:00,288.0,13,22,19208.9,20383.9,19796.4,1175.0,34.738144329896905
D1,2024-05-21 00:00:00+00:00,2024-05-26 00:00:00+00:00,120.0,6,25,64335.25,64714.05,64524.65,378.8000000000029,34.5968946180827
D1,2021-12-21 00:00:00+00:00,2021-12-25 00:00:00+00:00,96.0,5,28,50056.94,55043.795,52550.3675,4986.854999999996,34.341140085446426
D1,2021-12-30 00:00:00+00:00,2021-12-31 00:00:00+00:00,24.0,6,28,48753.555,55043.795,51898.675,6290.239999999998,34.24894793106213
D1,2021-06-22 00:00:00+00:00,2021-06-30 00:00:00+00:00,192.0,19,22,35096.505,44171.0,39633.7525,9074.495000000003,33.84979317927626
D1,2023-05-15 00:00:00+00:00,2023-05-21 00:00:00+00:00,144.0,7,24,27899.6,28405.0,28152.3,505.40000000000146,33.793330239342296
D1,2022-03-08 00:00:00+00:00,2022-03-16 00:00:00+00:00,192.0,14,19,39826.85,39350.665,39588.7575,476.1849999999977,33.59589883350014
D1,2021-12-14 00:00:00+00:00,2021-12-16 00:00:00+00:00,48.0,3,28,50470.855,55043.795,52757.325,4572.939999999995,33.12846539258104
D1,2021-12-18 00:00:00+00:00,2021-12-20 00:00:00+00:00,48.0,3,28,50169.255000000005,55043.795,52606.525,4874.539999999994,32.947108756596634
D1,2023-07-24 00:00:00+00:00,2023-07-31 00:00:00+00:00,168.0,8,24,30340.0,28313.5,29326.75,2026.5,32.924867437984894
D1,2023-05-26 00:00:00+00:00,2023-05-31 00:00:00+00:00,120.0,6,24,27795.5,28405.0,28100.25,609.5,32.88668135389544
D1,2021-04-26 00:00:00+00:00,2021-05-09 00:00:00+00:00,312.0,15,17,55958.27,55958.27,55958.27,0.0,32.4
D1,2020-03-23 00:00:00+00:00,2020-04-01 00:00:00+00:00,216.0,10,23,6412.905,7080.905,6746.905,668.0,32.392838208985815
D1,2022-02-10 00:00:00+00:00,2022-02-16 00:00:00+00:00,144.0,9,23,39350.665,42493.915,40922.29,3143.25,32.31767253958535
D1,2023-08-01 00:00:00+00:00,2023-08-05 00:00:00+00:00,96.0,7,24,30200.0,28313.5,29256.75,1886.5,32.316222616457814
D1,2023-08-18 00:00:00+00:00,2023-09-02 00:00:00+00:00,360.0,16,17,27415.5,28215.5,27815.5,800.0,32.27183169960337
D1,2021-05-19 00:00:00+00:00,2021-06-04 00:00:00+00:00,384.0,17,17,44171.0,46837.055,45504.0275,2666.0550000000003,32.11821227418492
D1,2024-07-22 00:00:00+00:00,2024-07-26 00:00:00+00:00,96.0,5,24,60894.6,62736.75,61815.675,1842.1500000000015,31.85082336696235
D1,2022-02-26 00:00:00+00:00,2022-03-07 00:00:00+00:00,216.0,12,19,40075.6,39350.665,39713.1325,724.9349999999977,31.81916378669679
D1,2023-05-22 00:00:00+00:00,2023-05-25 00:00:00+00:00,72.0,4,24,27850.5,28405.0,28127.75,554.5,31.38135955163908
D1,2023-07-18 00:00:00+00:00,2023-07-23 00:00:00+00:00,120.0,6,24,30625.0,28313.5,29469.25,2311.5,31.156181021530323
D1,2022-09-21 00:00:00+00:00,2022-10-05 00:00:00+00:00,336.0,18,15,20467.15,21642.15,21054.65,1175.0,30.68742242905309
D1,2022-01-31 00:00:00+00:00,2022-02-06 00:00:00+00:00,144.0,7,23,38625.255000000005,42493.915,40559.58500000001,3868.659999999996,30.309057267510788
D1,2024-07-10 00:00:00+00:00,2024-07-12 00:00:00+00:00,48.0,3,24,60305.05,62736.75,61520.9,2431.699999999997,30.013667622582968
D1,2022-10-29 00:00:00+00:00,2022-11-03 00:00:00+00:00,120.0,6,22,19502.9,20383.9,19943.4,881.0,29.880048404755957
D1,2020-03-16 00:00:00+00:00,2020-03-19 00:00:00+00:00,72.0,4,23,6820.355,7080.905,6950.629999999999,260.5500000000002,29.687153004085317
D1,2023-04-24 00:00:00+00:00,2023-04-30 00:00:00+00:00,144.0,16,17,28989.15,25290.3,27139.725,3698.850000000002,29.217915224682073
D1,2020-10-05 00:00:00+00:00,2020-10-07 00:00:00+00:00,48.0,5,22,10654.605,11154.0,10904.3025,499.39500000000044,29.068711792819826
D1,2019-11-25 00:00:00+00:00,2019-11-29 00:00:00+00:00,96.0,5,22,8030.094999999999,8459.335,8244.715,429.2399999999998,28.89562327680971
D1,2022-04-11 00:00:00+00:00,2022-04-16 00:00:00+00:00,120.0,7,20,43668.35,41251.85,42460.1,2416.5,28.006109197220823
D1,2023-09-13 00:00:00+00:00,2023-09-23 00:00:00+00:00,240.0,12,16,26528.0,27415.5,26971.75,887.5,27.882530936762475
D1,2022-04-02 00:00:00+00:00,2022-04-07 00:00:00+00:00,120.0,6,20,42850.0,41251.85,42050.925,1598.1500000000015,27.74552816984094
D1,2022-10-26 00:00:00+00:00,2022-10-28 00:00:00+00:00,48.0,3,22,19473.9,20383.9,19928.9,910.0,27.542352043533967
D1,2020-10-01 00:00:00+00:00,2020-10-03 00:00:00+00:00,48.0,3,22,10509.505,11154.0,10831.752499999999,644.4950000000008,27.182619754410137
D1,2022-03-28 00:00:00+00:00,2022-04-01 00:00:00+00:00,96.0,5,20,42667.0,41251.85,41959.425,1415.1500000000015,27.086464824151015
D1,2021-10-20 00:00:00+00:00,2021-10-24 00:00:00+00:00,96.0,5,19,53929.365000000005,53326.79,53628.0775,602.5750000000044,26.50221619590507
D1,2021-06-16 00:00:00+00:00,2021-06-21 00:00:00+00:00,120.0,6,22,36191.0,44171.0,40181.0,7980.0,26.030339901580117
D1,2023-06-23 00:00:00+00:00,2023-07-05 00:00:00+00:00,288.0,13,13,28138.5,28138.5,28138.5,0.0,26.0
D1,2022-07-20 00:00:00+00:00,2022-07-21 00:00:00+00:00,24.0,6,21,21420.0,25010.35,23215.175,3590.3499999999985,25.98177987560401
D1,2022-12-31 00:00:00+00:00,2023-01-08 00:00:00+00:00,192.0,15,12,17305.0,16921.6,17113.3,383.40000000000146,25.821504626586723
D1,2025-12-01 00:00:00+00:00,2025-12-06 00:00:00+00:00,120.0,8,17,94036.85,98490.1,96263.475,4453.25,25.615022033331606
D1,2020-08-02 00:00:00+00:00,2020-08-10 00:00:00+00:00,192.0,9,15,10599.135,10485.325,10542.23,113.80999999999949,24.930855740031003
D1,2024-09-27 00:00:00+00:00,2024-10-01 00:00:00+00:00,96.0,5,17,59480.4,59480.4,59480.4,0.0,24.4
D1,2022-11-09 00:00:00+00:00,2022-11-20 00:00:00+00:00,264.0,12,12,18468.15,18468.15,18468.15,0.0,24.0
D1,2020-07-07 00:00:00+00:00,2020-07-15 00:00:00+00:00,192.0,11,13,9305.7,9560.315,9433.0075,254.61499999999978,23.75870684473925
D1,2023-04-14 00:00:00+00:00,2023-04-21 00:00:00+00:00,168.0,8,17,28769.5,25290.3,27029.9,3479.2000000000007,23.743778741424684
D1,2021-10-27 00:00:00+00:00,2021-10-29 00:00:00+00:00,48.0,3,19,57017.645,53326.79,55172.2175,3690.854999999996,23.619899912631986
D1,2022-07-15 00:00:00+00:00,2022-07-17 00:00:00+00:00,48.0,3,21,20571.45,25010.35,22790.9,4438.899999999998,23.100751382676332
D1,2022-03-17 00:00:00+00:00,2022-03-21 00:00:00+00:00,96.0,14,10,39826.85,40075.6,39951.225,248.75,23.05644269679273
D1,2024-10-08 00:00:00+00:00,2024-10-11 00:00:00+00:00,72.0,4,17,61948.15,59480.4,60714.275,2467.75,22.67823625469427
D1,2021-11-04 00:00:00+00:00,2021-11-06 00:00:00+00:00,48.0,3,19,60450.0,53326.79,56888.395000000004,7123.209999999999,22.39574455288225
D1,2025-06-29 00:00:00+00:00,2025-07-04 00:00:00+00:00,120.0,13,10,104384.5,105037.45,104710.975,652.9499999999971,22.26118512574394
D1,2023-09-26 00:00:00+00:00,2023-09-28 00:00:00+00:00,48.0,5,16,26184.0,27415.5,26799.75,1231.5,22.180751839464882
D1,2020-07-03 00:00:00+00:00,2020-07-05 00:00:00+00:00,48.0,8,13,9416.195,9560.315,9488.255000000001,144.1200000000008,21.670835074423493
D1,2021-09-26 00:00:00+00:00,2021-10-02 00:00:00+00:00,144.0,12,10,46226.79,46226.79,46226.79,0.0,21.6
D1,2021-03-06 00:00:00+00:00,2021-03-12 00:00:00+00:00,144.0,7,16,50737.095,43676.07,47206.582500000004,7061.0250000000015,21.5731501706612
D1,2025-12-13 00:00:00+00:00,2025-12-16 00:00:00+00:00,72.0,4,17,87577.5,98490.1,93033.8,10912.600000000006,21.122402315039288
D1,2021-09-17 00:00:00+00:00,2021-09-20 00:00:00+00:00,72.0,14,9,47519.0,45120.5,46319.75,2398.5,20.916894592888703
D1,2020-10-12 00:00:00+00:00,2020-10-18 00:00:00+00:00,144.0,7,12,10932.105,10934.825,10933.465,2.720000000001164,19.99502568765982
D1,2024-06-14 00:00:00+00:00,2024-06-17 00:00:00+00:00,72.0,4,15,68598.2,64340.85,66469.525,4257.3499999999985,19.923882258335325
D1,2021-09-21 00:00:00+00:00,2021-09-25 00:00:00+00:00,96.0,12,9,46226.79,45120.5,45673.645000000004,1106.2900000000009,19.917564186440188
D1,2021-07-20 00:00:00+00:00,2021-07-24 00:00:00+00:00,96.0,5,14,32932.62,35096.505,34014.5625,2163.8849999999948,19.555922072112136
D1,2024-12-17 00:00:00+00:00,2024-12-25 00:00:00+00:00,192.0,14,9,99283.4,87588.4,93435.9,11695.0,19.552670052287198
D1,2024-06-18 00:00:00+00:00,2024-06-20 00:00:00+00:00,48.0,3,15,68076.9,64340.85,66208.875,3736.0499999999956,19.310350965420295
D1,2024-06-24 00:00:00+00:00,2024-07-02 00:00:00+00:00,192.0,9,10,65181.0,65181.0,65181.0,0.0,19.2
D1,2020-06-28 00:00:00+00:00,2020-06-30 00:00:00+00:00,48.0,8,11,9416.195,9218.625,9317.41,197.5699999999997,19.19302363220942
D1,2022-08-28 00:00:00+00:00,2022-09-02 00:00:00+00:00,120.0,9,10,22354.0,22050.5,22202.25,303.5,18.94107950190507
D1,2023-10-24 00:00:00+00:00,2023-11-01 00:00:00+00:00,192.0,9,10,31253.45,30434.95,30844.2,818.5,18.703668354246478
D1,2021-07-14 00:00:00+00:00,2021-07-17 00:00:00+00:00,72.0,4,14,32701.504999999997,35096.505,33899.005,2395.0,18.680222808146965
D1,2023-03-30 00:00:00+00:00,2023-04-04 00:00:00+00:00,120.0,6,11,24353.199999999997,24353.199999999997,24353.199999999997,0.0,18.0
D1,2021-08-23 00:00:00+00:00,2021-08-30 00:00:00+00:00,168.0,8,11,43945.5,39921.12,41933.31,4024.3799999999974,17.88368553771959
D1,2020-01-19 00:00:00+00:00,2020-01-27 00:00:00+00:00,192.0,9,9,8034.369999999999,7816.15,7925.259999999999,218.21999999999935,17.517655842465384
D1,2023-05-08 00:00:00+00:00,2023-05-09 00:00:00+00:00,24.0,16,4,28989.15,28769.5,28879.325,219.65000000000146,17.467148585130577
D1,2022-09-14 00:00:00+00:00,2022-09-18 00:00:00+00:00,96.0,5,12,20675.0,21850.0,21262.5,1175.0,17.436434540389968
D1,2025-06-22 00:00:00+00:00,2025-06-26 00:00:00+00:00,96.0,13,6,104384.5,102643.25,103513.875,1741.25,17.308840780912096
D1,2021-04-03 00:00:00+00:00,2021-04-07 00:00:00+00:00,96.0,5,12,56201.04,52476.025,54338.5325,3725.0149999999994,17.219564443595182
D1,2025-04-07 00:00:00+00:00,2025-04-13 00:00:00+00:00,144.0,12,7,81604.5,86944.25,84274.375,5339.75,16.92745144808366
D1,2020-08-26 00:00:00+00:00,2020-08-27 00:00:00+00:00,24.0,6,11,11494.71,10771.72,11133.215,722.9899999999998,16.902362096471848
D1,2022-09-07 00:00:00+00:00,2022-09-09 00:00:00+00:00,48.0,3,12,21850.0,21850.0,21850.0,0.0,16.799999999999997
D1,2020-02-13 00:00:00+00:00,2020-02-18 00:00:00+00:00,120.0,6,11,9393.5,8701.72,9047.61,691.7800000000007,16.721476396365684
D1,2024-04-06 00:00:00+00:00,2024-04-08 00:00:00+00:00,48.0,9,9,67340.7,62197.05,64768.875,5143.649999999994,16.675692231113096
D1,2025-11-05 00:00:00+00:00,2025-11-12 00:00:00+00:00,168.0,8,9,107634.5,112548.65,110091.575,4914.149999999994,16.465050674651195
D1,2024-11-22 00:00:00+00:00,2024-11-29 00:00:00+00:00,168.0,8,9,83235.0,79280.0,81257.5,3955.0,16.40168989291477
D1,2020-06-22 00:00:00+00:00,2020-06-26 00:00:00+00:00,96.0,5,11,9692.84,9218.625,9455.7325,474.21500000000015,16.378596060049663
D1,2025-04-17 00:00:00+00:00,2025-04-18 00:00:00+00:00,24.0,12,6,81604.5,84714.0,83159.25,3109.5,16.19445511845251
D1,2023-03-22 00:00:00+00:00,2023-03-29 00:00:00+00:00,168.0,8,8,24201.3,24201.3,24201.3,0.0,16.0
D1,2025-12-25 00:00:00+00:00,2025-12-26 00:00:00+00:00,24.0,9,8,89170.5,94036.85,91603.675,4866.350000000006,15.95253800338499
D1,2024-04-20 00:00:00+00:00,2024-04-25 00:00:00+00:00,120.0,11,6,66215.7,66496.7,66356.2,281.0,15.932530178338828
D1,2021-01-25 00:00:00+00:00,2021-01-29 00:00:00+00:00,96.0,5,12,34962.755000000005,29840.255,32401.505000000005,5122.500000000004,15.888167907450175
D1,2021-04-10 00:00:00+00:00,2021-04-12 00:00:00+00:00,48.0,3,12,56126.04,52476.025,54301.0325,3650.0149999999994,15.741861197590946
D1,2025-08-15 00:00:00+00:00,2025-08-21 00:00:00+00:00,144.0,8,8,118197.8,114777.8,116487.8,3420.0,15.543649370599745
D1,2020-04-18 00:00:00+00:00,2020-04-22 00:00:00+00:00,96.0,5,10,6653.5,6412.905,6533.202499999999,240.59500000000025,15.43170429880728
D1,2022-08-24 00:00:00+00:00,2022-08-25 00:00:00+00:00,24.0,5,10,22971.45,22050.5,22510.975,920.9500000000007,15.37114855053522
D1,2025-12-27 00:00:00+00:00,2026-01-01 00:00:00+00:00,120.0,8,8,89481.8,94036.85,91759.32500000001,4555.050000000003,15.243302985665432
D1,2025-03-05 00:00:00+00:00,2025-03-09 00:00:00+00:00,96.0,5,10,88815.85,94100.1,91457.975,5284.25,15.12604863078144
D1,2020-05-25 00:00:00+00:00,2020-05-31 00:00:00+00:00,144.0,7,9,9010.0,8272.665,8641.3325,737.3349999999991,15.110659696593359
D1,2025-07-05 00:00:00+00:00,2025-07-08 00:00:00+00:00,72.0,4,10,104299.7,105037.45,104668.575,737.75,15.093613594819855
D1,2022-06-07 00:00:00+00:00,2022-06-11 00:00:00+00:00,96.0,5,11,30189.8,34798.5,32494.15,4608.700000000001,15.063516144986167
D1,2021-01-30 00:00:00+00:00,2021-01-31 00:00:00+00:00,24.0,4,12,35502.755000000005,29840.255,32671.505000000005,5662.500000000004,15.000219465719793
D1,2023-10-09 00:00:00+00:00,2023-10-15 00:00:00+00:00,144.0,7,8,27289.0,26750.5,27019.75,538.5,14.902985494361944
D1,2024-05-30 00:00:00+00:00,2024-06-04 00:00:00+00:00,120.0,7,8,66125.1,64335.25,65230.175,1789.8500000000058,14.794065803466948
D1,2021-03-15 00:00:00+00:00,2021-03-19 00:00:00+00:00,96.0,13,5,52476.025,45595.0,49035.5125,6881.0250000000015,14.3818348015558
D1,2020-08-31 00:00:00+00:00,2020-09-02 00:00:00+00:00,48.0,3,11,11813.21,10771.72,11292.465,1041.4899999999998,14.282722289808905
D1,2022-03-22 00:00:00+00:00,2022-03-24 00:00:00+00:00,48.0,3,10,41142.3,40075.6,40608.95,1066.7000000000044,14.031427944135242
D1,2025-06-15 00:00:00+00:00,2025-06-16 00:00:00+00:00,24.0,12,4,106132.3,102329.75,104231.025,3802.550000000003,13.893150902393078
D1,2022-01-16 00:00:00+00:00,2022-01-20 00:00:00+00:00,96.0,11,5,45872.0,49417.494999999995,47644.7475,3545.4949999999953,13.774934998598614
D1,2020-06-07 00:00:00+00:00,2020-06-10 00:00:00+00:00,72.0,13,4,9560.315,8616.6,9088.4575,943.7150000000001,13.770153374057314
D1,2025-03-02 00:00:00+00:00,2025-03-04 00:00:00+00:00,48.0,3,10,89156.29999999999,94100.1,91628.2,4943.8000000000175,13.662822350163605
D1,2024-04-26 00:00:00+00:00,2024-04-29 00:00:00+00:00,72.0,11,4,66215.7,66711.2,66463.45,495.5,13.49935923427712
D1,2020-08-22 00:00:00+00:00,2020-08-25 00:00:00+00:00,72.0,6,8,11494.71,10699.71,11097.21,795.0,13.437353023533891
D1,2026-01-14 00:00:00+00:00,2026-01-18 00:00:00+00:00,96.0,5,8,92143.55,90859.05,91501.3,1284.5,13.411725501100385
D1,2022-04-20 00:00:00+00:00,2022-04-22 00:00:00+00:00,48.0,5,8,43332.85,42667.0,42999.925,665.8499999999985,13.392616528619955
D1,2024-10-21 00:00:00+00:00,2024-10-27 00:00:00+00:00,144.0,7,7,64233.0,61038.4,62635.7,3194.5999999999985,13.320610721810471
D1,2024-04-13 00:00:00+00:00,2024-04-14 00:00:00+00:00,24.0,4,9,66271.45,62197.05,64234.25,4074.399999999994,13.164943239253011
D1,2023-11-19 00:00:00+00:00,2023-11-21 00:00:00+00:00,48.0,3,10,35924.95,32512.45,34218.7,3412.4999999999964,13.094168668551626
D1,2025-03-17 00:00:00+00:00,2025-03-18 00:00:00+00:00,24.0,8,6,87995.75,91505.0,89750.375,3509.25,13.088247995850294
D1,2024-04-09 00:00:00+00:00,2024-04-12 00:00:00+00:00,72.0,4,9,66845.2,62197.05,64521.125,4648.149999999994,13.059205116722708
D1,2021-09-07 00:00:00+00:00,2021-09-09 00:00:00+00:00,48.0,14,3,47519.0,41096.12,44307.56,6422.879999999997,12.926201467994366
D1,2022-08-04 00:00:00+00:00,2022-08-07 00:00:00+00:00,72.0,9,5,21800.5,21146.6,21473.55,653.9000000000015,12.809919805490464
D1,2021-01-12 00:00:00+00:00,2021-01-15 00:00:00+00:00,72.0,4,9,32022.755,29153.255,30588.005,2869.5,12.799282851485788
D1,2023-07-06 00:00:00+00:00,2023-07-10 00:00:00+00:00,96.0,5,7,28172.5,28172.5,28172.5,0.0,12.4
D1,2025-06-08 00:00:00+00:00,2025-06-10 00:00:00+00:00,48.0,12,3,106132.3,97929.75,102031.025,8202.550000000003,12.217779655608558
D1,2025-06-05 00:00:00+00:00,2025-06-06 00:00:00+00:00,24.0,12,3,106132.3,97511.7,101822.0,8620.600000000006,12.169673658533936
D1,2023-10-16 00:00:00+00:00,2023-10-20 00:00:00+00:00,96.0,5,7,28342.5,27804.0,28073.25,538.5,12.166620357021154
D1,2025-05-26 00:00:00+00:00,2025-05-28 00:00:00+00:00,48.0,6,7,102643.25,93208.25,97925.75,9435.0,12.039967120199888
D1,2025-04-25 00:00:00+00:00,2025-04-30 00:00:00+00:00,120.0,6,6,85113.3,85113.3,85113.3,0.0,12.0
D1,2022-04-26 00:00:00+00:00,2022-04-27 00:00:00+00:00,24.0,3,8,42559.9,42667.0,42613.45,107.09999999999854,11.969916117652982
D1,2022-06-19 00:00:00+00:00,2022-06-24 00:00:00+00:00,120.0,8,6,25010.35,28832.449999999997,26921.399999999998,3822.0999999999985,11.909217883455039
D1,2024-01-13 00:00:00+00:00,2024-01-17 00:00:00+00:00,96.0,8,5,44680.25,42863.75,43772.0,1816.5,11.905914868881407
D1,2021-04-18 00:00:00+00:00,2021-04-20 00:00:00+00:00,48.0,5,7,57518.055,53994.08,55756.067500000005,3523.9749999999985,11.662866756547958
D1,2022-05-12 00:00:00+00:00,2022-05-16 00:00:00+00:00,96.0,5,7,34798.5,37415.5,36107.0,2617.0,11.56199772750749
D1,2022-01-13 00:00:00+00:00,2022-01-15 00:00:00+00:00,48.0,11,3,45872.0,49529.81,47700.905,3657.8099999999977,11.516861782854185
D1,2019-12-20 00:00:00+00:00,2019-12-24 00:00:00+00:00,96.0,7,6,7138.5,7988.5,7563.5,850.0,11.506840197301955
D1,2026-01-25 00:00:00+00:00,2026-01-28 00:00:00+00:00,72.0,4,7,91976.9,91170.35,91573.625,806.5499999999884,11.498723075594954
D1,2022-08-15 00:00:00+00:00,2022-08-20 00:00:00+00:00,120.0,6,6,22944.8,21881.5,22413.15,1063.2999999999993,11.456493635110931
D1,2025-01-13 00:00:00+00:00,2025-01-16 00:00:00+00:00,72.0,4,7,95835.55,98637.9,97236.725,2802.3499999999913,11.275054372503947
D1,2022-05-17 00:00:00+00:00,2022-05-18 00:00:00+00:00,24.0,5,7,33715.5,37415.5,35565.5,3700.0,11.23154423094065
D1,2020-05-14 00:00:00+00:00,2020-05-15 00:00:00+00:00,24.0,4,7,8407.975,7965.0,8186.4875,442.97500000000036,11.004538811078906
D1,2026-01-08 00:00:00+00:00,2026-01-11 00:00:00+00:00,72.0,8,4,89584.45000000001,87680.15,88632.3,1904.3000000000175,10.964424994974406
D1,2025-04-02 00:00:00+00:00,2025-04-05 00:00:00+00:00,72.0,4,7,82656.0,87995.75,85325.875,5339.75,10.91681825388619
D1,2021-04-14 00:00:00+00:00,2021-04-17 00:00:00+00:00,72.0,4,7,57719.095,53994.08,55856.5875,3725.0149999999994,10.87477321544012
D1,2021-11-15 00:00:00+00:00,2021-11-17 00:00:00+00:00,48.0,8,5,63374.35,54953.715,59164.0325,8420.635000000002,10.85503606272828
D1,2022-09-03 00:00:00+00:00,2022-09-05 00:00:00+00:00,48.0,9,3,22354.0,22354.0,22354.0,0.0,10.8
D1,2024-11-13 00:00:00+00:00,2024-11-17 00:00:00+00:00,96.0,5,6,79321.70000000001,76160.55,77741.125,3161.1500000000087,10.76237472926441
D1,2026-01-22 00:00:00+00:00,2026-01-23 00:00:00+00:00,24.0,3,7,92346.05,91170.35,91758.20000000001,1175.699999999997,10.663369986624904
D1,2021-11-28 00:00:00+00:00,2021-12-02 00:00:00+00:00,96.0,5,5,61221.85,61221.85,61221.85,0.0,10.0
D1,2020-01-09 00:00:00+00:00,2020-01-12 00:00:00+00:00,72.0,5,5,7447.71,7447.71,7447.71,0.0,10.0
D1,2022-01-01 00:00:00+00:00,2022-01-04 00:00:00+00:00,72.0,6,5,48753.555,53641.97,51197.7625,4888.415000000001,9.858682827867883
D1,2020-06-01 00:00:00+00:00,2020-06-04 00:00:00+00:00,72.0,4,6,9218.625,8481.29,8849.9575,737.3349999999991,9.60016167233867
D1,2025-03-14 00:00:00+00:00,2025-03-16 00:00:00+00:00,48.0,8,3,87995.75,91818.25,89907.0,3822.5,9.592177489477699
D1,2023-02-09 00:00:00+00:00,2023-02-12 00:00:00+00:00,72.0,4,6,22333.7,20300.7,21317.2,2033.0,9.494517391713988
D1,2022-07-23 00:00:00+00:00,2022-07-25 00:00:00+00:00,48.0,6,5,21420.0,24686.6,23053.3,3266.5999999999985,9.45959673099062
D1,2023-06-17 00:00:00+00:00,2023-06-20 00:00:00+00:00,72.0,6,4,26609.5,27363.5,26986.5,754.0,9.339067428489034
D1,2025-04-19 00:00:00+00:00,2025-04-21 00:00:00+00:00,48.0,3,6,81478.5,84714.0,83096.25,3235.5,9.240215795463431
D1,2020-07-27 00:00:00+00:00,2020-07-30 00:00:00+00:00,72.0,4,5,10194.0,10152.2,10173.1,41.79999999999927,9.16235303331408
D1,2025-05-13 00:00:00+00:00,2025-05-15 00:00:00+00:00,48.0,3,6,94881.55,90160.05,92520.8,4721.5,9.13388186005473
D1,2024-11-03 00:00:00+00:00,2024-11-04 00:00:00+00:00,24.0,7,3,66280.0,65553.15,65916.575,726.8500000000058,9.09965971886949
D1,2023-08-12 00:00:00+00:00,2023-08-14 00:00:00+00:00,48.0,4,5,29485.0,30200.0,29842.5,715.0,8.984733698764623
D1,2023-12-30 00:00:00+00:00,2024-01-01 00:00:00+00:00,48.0,3,6,42503.8,39612.8,41058.3,2891.0,8.96850871344936
D1,2020-11-07 00:00:00+00:00,2020-11-10 00:00:00+00:00,72.0,4,5,13579.6,13058.205,13318.9025,521.3950000000004,8.853415398043285
D1,2020-04-30 00:00:00+00:00,2020-05-03 00:00:00+00:00,72.0,7,4,7972.55,6550.79,7261.67,1421.7600000000002,8.697181643659246
D1,2023-10-02 00:00:00+00:00,2023-10-04 00:00:00+00:00,48.0,5,4,26750.5,27133.85,26942.175,383.34999999999854,8.676544732443386
D1,2026-02-06 00:00:00+00:00,2026-02-08 00:00:00+00:00,48.0,3,5,78866.05,78866.05,78866.05,0.0,8.4
D1,2024-02-15 00:00:00+00:00,2024-02-17 00:00:00+00:00,48.0,3,5,45702.0,45702.0,45702.0,0.0,8.4
D1,2023-12-15 00:00:00+00:00,2023-12-17 00:00:00+00:00,48.0,6,3,40195.0,39064.65,39629.825,1130.3499999999985,8.167053502591685
D1,2020-05-04 00:00:00+00:00,2020-05-06 00:00:00+00:00,48.0,7,3,7972.55,6946.695,7459.6224999999995,1025.8550000000005,8.087762533104351
D1,2023-03-10 00:00:00+00:00,2023-03-13 00:00:00+00:00,72.0,4,4,22434.6,22434.6,22434.6,0.0,8.0
D1,2021-10-06 00:00:00+00:00,2021-10-09 00:00:00+00:00,72.0,4,4,47959.8,47959.8,47959.8,0.0,8.0
D1,2023-01-21 00:00:00+00:00,2023-01-24 00:00:00+00:00,72.0,4,4,19855.0,19800.0,19827.5,55.0,7.977869986168741
D1,2025-10-06 00:00:00+00:00,2025-10-09 00:00:00+00:00,72.0,4,4,117387.25,116710.0,117048.625,677.25,7.953977831976191
D1,2023-11-04 00:00:00+00:00,2023-11-05 00:00:00+00:00,24.0,4,4,31262.45,30982.45,31122.45,280.0,7.9286679860966265
D1,2023-02-16 00:00:00+00:00,2023-02-19 00:00:00+00:00,72.0,5,4,23314.0,20805.0,22059.5,2509.0,7.901320796955451
D1,2023-09-06 00:00:00+00:00,2023-09-08 00:00:00+00:00,48.0,4,4,27133.85,27500.5,27317.175,366.65000000000146,7.8940464332511855
D1,2020-10-21 00:00:00+00:00,2020-10-24 00:00:00+00:00,72.0,4,4,11805.515,11524.29,11664.9025,281.22499999999854,7.811671188006324
D1,2023-06-10 00:00:00+00:00,2023-06-13 00:00:00+00:00,72.0,4,4,26871.0,27674.1,27272.55,803.0999999999985,7.771161130730723
D1,2022-04-18 00:00:00+00:00,2022-04-19 00:00:00+00:00,24.0,5,3,43332.85,42567.3,42950.075,765.5499999999956,7.466908456644506
D1,2024-03-25 00:00:00+00:00,2024-03-26 00:00:00+00:00,24.0,6,3,66496.7,58029.05,62262.875,8467.649999999994,7.39437675600457
D1,2022-07-26 00:00:00+00:00,2022-07-27 00:00:00+00:00,24.0,3,5,21528.55,24686.6,23107.574999999997,3158.0499999999993,7.390025175490781
D1,2022-08-21 00:00:00+00:00,2022-08-23 00:00:00+00:00,48.0,5,3,22971.45,21990.05,22480.75,981.4000000000015,7.282099040369276
D1,2025-01-09 00:00:00+00:00,2025-01-11 00:00:00+00:00,48.0,3,4,99711.3,99283.4,99497.35,427.90000000000873,7.169168153194513
D1,2025-08-26 00:00:00+00:00,2025-08-28 00:00:00+00:00,48.0,3,4,116552.65,115972.8,116262.725,579.8499999999913,7.164268846351598
D1,2024-08-01 00:00:00+00:00,2024-08-02 00:00:00+00:00,24.0,3,4,62162.05,61705.25,61933.65,456.8000000000029,7.147284239815549
D1,2024-05-01 00:00:00+00:00,2024-05-03 00:00:00+00:00,48.0,3,4,64714.05,65209.55,64961.8,495.5,7.145497293655559
D1,2020-05-12 00:00:00+00:00,2020-05-13 00:00:00+00:00,24.0,4,3,8407.975,7875.0,8141.4875,532.9750000000004,6.3821954386222775
D1,2024-01-02 00:00:00+00:00,2024-01-04 00:00:00+00:00,48.0,4,3,43089.15,40198.15,41643.65,2891.0,6.358572931414079
D1,2020-12-13 00:00:00+00:00,2020-12-15 00:00:00+00:00,48.0,4,3,18068.5,16335.5,17202.0,1733.0,6.177639292315817
D1,2023-03-14 00:00:00+00:00,2023-03-16 00:00:00+00:00,48.0,3,3,23005.75,23005.75,23005.75,0.0,6.0
D1,2022-11-05 00:00:00+00:00,2022-11-07 00:00:00+00:00,48.0,3,3,19695.75,19695.75,19695.75,0.0,6.0
D1,2021-10-11 00:00:00+00:00,2021-10-13 00:00:00+00:00,48.0,3,3,48691.79,48691.79,48691.79,0.0,6.0
D1,2022-02-19 00:00:00+00:00,2022-02-20 00:00:00+00:00,24.0,3,3,40659.515,40714.415,40686.965,54.900000000001455,5.991914950383347
D1,2023-01-14 00:00:00+00:00,2023-01-16 00:00:00+00:00,48.0,3,3,18932.0,18764.05,18848.025,167.95000000000073,5.947007713251621
D1,2025-03-29 00:00:00+00:00,2025-03-30 00:00:00+00:00,24.0,3,3,84670.15,88336.2,86503.17499999999,3666.050000000003,5.756055350370372
D1,2022-08-11 00:00:00+00:00,2022-08-13 00:00:00+00:00,48.0,3,3,22830.8,21767.5,22299.15,1063.2999999999993,5.7269207638753645
D1,2022-10-10 00:00:00+00:00,2022-10-12 00:00:00+00:00,48.0,3,3,19292.15,20467.15,19879.65,1175.0,5.665157103062743
D1,2021-11-23 00:00:00+00:00,2021-11-24 00:00:00+00:00,24.0,3,3,62224.35,58041.994999999995,60133.1725,4182.355000000003,5.60982781335347
H1,2020-08-02 04:00:00+00:00,2020-08-03 05:00:00+00:00,25.0,26,52,11322.125,11322.125,11322.125,0.0,83.2
H1,2023-03-22 20:00:00+00:00,2023-03-23 19:00:00+00:00,23.0,24,50,27735.5,27735.5,27735.5,0.0,79.2
H1,2023-01-18 16:00:00+00:00,2023-01-19 15:00:00+00:00,23.0,24,50,21029.0,21029.0,21029.0,0.0,79.2
H1,2020-10-25 05:00:00+00:00,2020-10-26 04:00:00+00:00,23.0,24,50,13042.0,13042.0,13042.0,0.0,79.2
H1,2024-03-05 19:00:00+00:00,2024-03-06 16:00:00+00:00,21.0,22,48,64231.0,64231.0,64231.0,0.0,75.19999999999999
H1,2022-09-21 22:00:00+00:00,2022-09-22 19:00:00+00:00,21.0,22,48,19119.199999999997,19119.199999999997,19119.199999999997,0.0,75.19999999999999
H1,2021-09-24 11:00:00+00:00,2021-09-25 08:00:00+00:00,21.0,22,48,42892.165,42892.165,42892.165,0.0,75.19999999999999
H1,2020-02-19 21:00:00+00:00,2020-02-20 18:00:00+00:00,21.0,22,48,9789.535,9789.535,9789.535,0.0,75.19999999999999
H1,2022-07-01 00:00:00+00:00,2022-07-01 21:00:00+00:00,21.0,22,48,19744.7,19744.7,19744.7,0.0,75.19999999999999
H1,2024-03-27 18:00:00+00:00,2024-03-28 14:00:00+00:00,20.0,23,47,70126.4,70126.4,70126.4,0.0,74.8
H1,2019-12-04 13:00:00+00:00,2019-12-05 09:00:00+00:00,20.0,21,47,7435.0,7435.0,7435.0,0.0,73.2
H1,2024-09-23 03:00:00+00:00,2024-09-23 23:00:00+00:00,20.0,21,46,63531.9,63531.9,63531.9,0.0,72.0
H1,2020-02-13 19:00:00+00:00,2020-02-14 12:00:00+00:00,17.0,24,44,10320.5,10320.5,10320.5,0.0,72.0
H1,2024-06-07 18:00:00+00:00,2024-06-08 13:00:00+00:00,19.0,20,46,70274.5,70274.5,70274.5,0.0,71.19999999999999
H1,2025-01-20 06:00:00+00:00,2025-01-21 01:00:00+00:00,19.0,20,46,104750.5,104750.5,104750.5,0.0,71.19999999999999
H1,2025-02-07 20:00:00+00:00,2025-02-08 15:00:00+00:00,19.0,20,46,97833.7,97833.7,97833.7,0.0,71.19999999999999
H1,2025-08-22 18:00:00+00:00,2025-08-23 13:00:00+00:00,19.0,20,46,114511.65,114511.65,114511.65,0.0,71.19999999999999
H1,2023-09-25 00:00:00+00:00,2023-09-25 19:00:00+00:00,19.0,20,46,26352.45,26352.45,26352.45,0.0,71.19999999999999
H1,2023-11-05 23:00:00+00:00,2023-11-06 22:00:00+00:00,23.0,24,43,34905.6,34905.6,34905.6,0.0,70.80000000000001
H1,2019-10-13 20:00:00+00:00,2019-10-14 17:00:00+00:00,21.0,22,44,8296.65,8296.65,8296.65,0.0,70.4
H1,2025-02-21 20:00:00+00:00,2025-02-22 14:00:00+00:00,18.0,19,45,97130.95,97130.95,97130.95,0.0,69.2
H1,2023-01-06 20:00:00+00:00,2023-01-07 14:00:00+00:00,18.0,19,45,16847.4,16847.4,16847.4,0.0,69.2
H1,2022-12-30 21:00:00+00:00,2022-12-31 15:00:00+00:00,18.0,19,45,16493.3,16493.3,16493.3,0.0,69.2
H1,2020-04-13 00:00:00+00:00,2020-04-13 18:00:00+00:00,18.0,19,45,6865.99,6865.99,6865.99,0.0,69.2
H1,2020-08-27 22:00:00+00:00,2020-08-28 14:00:00+00:00,16.0,22,43,11361.91,11361.91,11361.91,0.0,69.2
H1,2025-12-29 12:00:00+00:00,2025-12-30 05:00:00+00:00,17.0,18,44,88566.7,88566.7,88566.7,0.0,67.2
H1,2023-10-06 21:00:00+00:00,2023-10-07 14:00:00+00:00,17.0,18,44,27803.0,27803.0,27803.0,0.0,67.2
H1,2020-10-16 04:00:00+00:00,2020-10-16 21:00:00+00:00,17.0,18,44,11412.24,11412.24,11412.24,0.0,67.2
H1,2022-01-27 03:00:00+00:00,2022-01-27 20:00:00+00:00,17.0,18,44,37179.055,37179.055,37179.055,0.0,67.2
H1,2022-11-14 13:00:00+00:00,2022-11-15 06:00:00+00:00,17.0,18,44,16496.75,16496.75,16496.75,0.0,67.2
H1,2021-11-10 21:00:00+00:00,2021-11-11 15:00:00+00:00,18.0,19,43,65799.605,65799.605,65799.605,0.0,66.8
H1,2019-11-27 18:00:00+00:00,2019-11-28 11:00:00+00:00,17.0,18,43,7259.6,7259.6,7259.6,0.0,66.0
H1,2020-12-02 00:00:00+00:00,2020-12-02 12:00:00+00:00,12.0,24,39,19003.0,19003.0,19003.0,0.0,66.0
H1,2024-07-22 00:00:00+00:00,2024-07-22 19:00:00+00:00,19.0,20,41,67104.85,67104.85,67104.85,0.0,65.19999999999999
H1,2021-03-31 12:00:00+00:00,2021-04-01 07:00:00+00:00,19.0,24,38,58366.0,58366.0,58366.0,0.0,64.80000000000001
H1,2023-07-20 20:00:00+00:00,2023-07-21 11:00:00+00:00,15.0,18,42,29944.4,29944.4,29944.4,0.0,64.8
H1,2023-03-01 08:00:00+00:00,2023-03-02 01:00:00+00:00,17.0,18,41,23515.550000000003,23515.550000000003,23515.550000000003,0.0,63.599999999999994
H1,2025-12-30 16:00:00+00:00,2025-12-31 04:00:00+00:00,12.0,13,44,88072.0,88566.7,88319.35,494.6999999999971,62.84797191435364
H1,2025-12-26 19:00:00+00:00,2025-12-27 08:00:00+00:00,13.0,18,40,88088.75,88088.75,88088.75,0.0,62.4
H1,2023-02-02 10:00:00+00:00,2023-02-02 20:00:00+00:00,10.0,21,37,23514.2,23514.2,23514.2,0.0,61.2
H1,2019-11-01 03:00:00+00:00,2019-11-01 11:00:00+00:00,8.0,24,35,9185.82,9185.82,9185.82,0.0,61.2
H1,2025-03-16 23:00:00+00:00,2025-03-17 17:00:00+00:00,18.0,19,38,83530.8,83530.8,83530.8,0.0,60.800000000000004
H1,2025-05-19 06:00:00+00:00,2025-05-20 01:00:00+00:00,19.0,20,37,104576.55,104576.55,104576.55,0.0,60.4
H1,2025-11-25 05:00:00+00:00,2025-11-25 15:00:00+00:00,10.0,20,36,87201.85,87201.85,87201.85,0.0,59.199999999999996
H1,2020-11-10 04:00:00+00:00,2020-11-10 12:00:00+00:00,8.0,21,35,15345.5,15345.5,15345.5,0.0,58.8
H1,2024-01-17 04:00:00+00:00,2024-01-17 15:00:00+00:00,11.0,19,36,42819.5,42819.5,42819.5,0.0,58.4
H1,2024-03-09 11:00:00+00:00,2024-03-09 16:00:00+00:00,5.0,25,32,68225.4,68225.4,68225.4,0.0,58.4
H1,2020-05-12 04:00:00+00:00,2020-05-12 13:00:00+00:00,9.0,20,35,8657.56,8657.56,8657.56,0.0,58.0
H1,2022-12-21 18:00:00+00:00,2022-12-22 01:00:00+00:00,7.0,20,35,16809.2,16629.8,16719.5,179.40000000000146,57.38426761505186
H1,2023-05-10 17:00:00+00:00,2023-05-11 14:00:00+00:00,21.0,22,33,27481.8,27481.8,27481.8,0.0,57.2
H1,2020-07-12 19:00:00+00:00,2020-07-13 14:00:00+00:00,19.0,20,33,9252.0,9252.0,9252.0,0.0,55.6
H1,2019-10-19 12:00:00+00:00,2019-10-19 19:00:00+00:00,7.0,26,29,7980.33,7968.315,7974.3225,12.015000000000327,55.51635289643094
H1,2023-09-06 17:00:00+00:00,2023-09-07 18:00:00+00:00,25.0,26,28,25689.0,25689.0,25689.0,0.0,54.400000000000006
H1,2025-12-28 02:00:00+00:00,2025-12-28 09:00:00+00:00,7.0,8,40,87610.85,88088.75,87849.8,477.8999999999942,54.10566696517628
H1,2022-06-04 20:00:00+00:00,2022-06-05 01:00:00+00:00,5.0,20,31,29722.0,29985.0,29853.5,263.0,52.7354174621885
H1,2025-12-27 09:00:00+00:00,2025-12-27 14:00:00+00:00,5.0,6,40,87828.45,88088.75,87958.6,260.3000000000029,52.64420753375977
H1,2022-12-12 02:00:00+00:00,2022-12-12 20:00:00+00:00,18.0,19,31,17065.0,17065.0,17065.0,0.0,52.4
H1,2020-06-07 19:00:00+00:00,2020-06-08 15:00:00+00:00,20.0,21,29,9598.065,9598.065,9598.065,0.0,51.599999999999994
H1,2025-11-26 07:00:00+00:00,2025-11-26 15:00:00+00:00,8.0,9,36,87130.55,87201.85,87166.20000000001,71.30000000000291,50.3588076228686
H1,2020-08-10 10:00:00+00:00,2020-08-11 03:00:00+00:00,17.0,18,29,11742.45,11742.45,11742.45,0.0,49.199999999999996
H1,2025-09-15 13:00:00+00:00,2025-09-16 07:00:00+00:00,18.0,19,28,115549.2,115549.2,115549.2,0.0,48.800000000000004
H1,2025-12-11 22:00:00+00:00,2025-12-12 15:00:00+00:00,17.0,18,27,91373.65,91821.85,91597.75,448.20000000001164,46.57211642663256
H1,2025-12-18 20:00:00+00:00,2025-12-19 15:00:00+00:00,19.0,20,23,86928.25,87385.9,87157.075,457.6499999999942,43.37225814496364
H1,2026-01-23 23:00:00+00:00,2026-01-24 16:00:00+00:00,17.0,24,20,89862.5,89830.3,89846.4,32.19999999999709,43.18452312341314
H1,2026-01-09 18:00:00+00:00,2026-01-10 09:00:00+00:00,15.0,18,24,90815.9,90620.5,90718.2,195.39999999999418,43.10715052533394
H1,2026-01-19 00:00:00+00:00,2026-01-19 18:00:00+00:00,18.0,24,19,93645.0,93710.95,93677.975,65.94999999999709,41.970452485321054
H1,2025-12-08 09:00:00+00:00,2025-12-08 15:00:00+00:00,6.0,7,30,89975.3,89975.3,89975.3,0.0,41.6
H1,2025-12-10 02:00:00+00:00,2025-12-10 06:00:00+00:00,4.0,14,25,91961.95,91961.95,91961.95,0.0,41.2
H1,2025-12-09 05:00:00+00:00,2025-12-09 10:00:00+00:00,5.0,6,30,90815.75,89975.3,90395.525,840.4499999999971,40.42415746639414
H1,2025-12-24 04:00:00+00:00,2025-12-24 13:00:00+00:00,9.0,10,24,87442.6,88567.5,88005.05,1124.8999999999942,36.33555095677716
H1,2025-12-12 18:00:00+00:00,2025-12-12 22:00:00+00:00,4.0,5,27,91488.15,91821.85,91655.0,333.70000000001164,36.267954650951694
H1,2025-11-29 04:00:00+00:00,2025-11-29 15:00:00+00:00,11.0,23,14,91617.5,91617.5,91617.5,0.0,35.2
H1,2025-12-20 07:00:00+00:00,2025-12-20 16:00:00+00:00,9.0,10,23,88085.05,86928.25,87506.65,1156.800000000003,35.1355236007622
H1,2025-12-02 04:00:00+00:00,2025-12-02 09:00:00+00:00,5.0,6,26,85585.0,87860.2,86722.6,2275.199999999997,35.079671632332484
H1,2026-01-12 14:00:00+00:00,2026-01-13 04:00:00+00:00,14.0,15,19,91277.0,91277.0,91277.0,0.0,34.8
H1,2026-01-10 10:00:00+00:00,2026-01-10 16:00:00+00:00,6.0,7,24,90899.5,90620.5,90760.0,279.0,34.29457704939641
H1,2025-11-30 13:00:00+00:00,2025-11-30 17:00:00+00:00,4.0,7,24,91013.55,91586.35,91299.95000000001,572.8000000000029,34.18552595845884
H1,2025-12-31 20:00:00+00:00,2026-01-01 06:00:00+00:00,10.0,20,15,88191.0,88072.0,88131.5,119.0,33.954153234259294
H1,2026-01-23 04:00:00+00:00,2026-01-23 14:00:00+00:00,10.0,11,21,89387.55,88902.5,89145.025,485.0500000000029,33.81600260849944
H1,2026-02-03 19:00:00+00:00,2026-02-04 02:00:00+00:00,7.0,8,22,76026.1,76100.1,76063.1,74.0,32.76812066653445
H1,2025-12-23 21:00:00+00:00,2025-12-24 01:00:00+00:00,4.0,5,24,87720.45,88567.5,88143.975,847.0500000000029,32.48779728068082
H1,2026-02-04 03:00:00+00:00,2026-02-04 09:00:00+00:00,6.0,7,22,75969.1,76100.1,76034.6,131.0,31.94496203010283
H1,2025-12-18 08:00:00+00:00,2025-12-18 16:00:00+00:00,8.0,22,11,87812.25,87812.25,87812.25,0.0,30.8
H1,2026-01-29 02:00:00+00:00,2026-01-29 13:00:00+00:00,11.0,12,17,89121.4,88929.04999999999,89025.22499999999,192.35000000000582,29.935321039604585
H1,2025-12-17 22:00:00+00:00,2025-12-18 07:00:00+00:00,9.0,22,10,87812.25,87794.6,87803.425,17.64999999999418,29.59405108625692
H1,2026-01-01 09:00:00+00:00,2026-01-01 15:00:00+00:00,6.0,20,11,88191.0,88272.1,88231.55,81.10000000000582,29.17318481553888
H1,2025-11-21 18:00:00+00:00,2025-11-21 23:00:00+00:00,5.0,6,21,84407.05,86875.0,85641.025,2467.949999999997,29.15969400393093
H1,2026-01-30 04:00:00+00:00,2026-01-30 09:00:00+00:00,5.0,6,20,84730.6,85796.35,85263.475,1065.75,28.444458756579827
H1,2025-12-22 17:00:00+00:00,2025-12-23 02:00:00+00:00,9.0,10,17,89222.0,89073.75,89147.875,148.25,28.352850137673947
H1,2026-01-07 03:00:00+00:00,2026-01-07 14:00:00+00:00,11.0,17,12,92812.2,92984.65,92898.42499999999,172.4499999999971,27.948119108152795
H1,2025-12-13 08:00:00+00:00,2025-12-13 15:00:00+00:00,7.0,8,18,91029.5,91373.65,91201.575,344.1499999999942,27.894738940567677
H1,2025-12-16 20:00:00+00:00,2025-12-17 05:00:00+00:00,9.0,10,16,86684.95,87522.7,87103.825,837.75,26.940887060528542
H1,2025-11-12 19:00:00+00:00,2025-11-13 04:00:00+00:00,9.0,19,10,103004.0,104092.35,103548.175,1088.3500000000058,26.91708617043619
H1,2026-02-09 16:00:00+00:00,2026-02-10 00:00:00+00:00,8.0,11,15,70285.85,70285.85,70285.85,0.0,26.8
H1,2026-01-06 11:00:00+00:00,2026-01-06 15:00:00+00:00,4.0,5,19,93565.6,92775.2,93170.4,790.4000000000087,26.57455790074158
H1,2026-01-14 07:00:00+00:00,2026-01-14 14:00:00+00:00,7.0,8,17,94282.15,93464.85,93873.5,817.2999999999884,26.56868249080164
H1,2026-01-11 06:00:00+00:00,2026-01-11 11:00:00+00:00,5.0,6,18,90588.25,90815.9,90702.075,227.64999999999418,26.333905441812345
H1,2025-12-07 18:00:00+00:00,2025-12-08 06:00:00+00:00,12.0,13,13,89705.0,89705.0,89705.0,0.0,26.0
H1,2026-01-27 09:00:00+00:00,2026-01-27 18:00:00+00:00,9.0,15,11,87971.65,87502.5,87737.075,469.1499999999942,25.06596660269726
H1,2025-12-25 06:00:00+00:00,2025-12-25 14:00:00+00:00,8.0,17,9,87194.15,87352.1,87273.125,157.95000000001164,24.355919791675895
H1,2026-01-22 10:00:00+00:00,2026-01-22 14:00:00+00:00,4.0,23,5,88902.5,89310.3,89106.4,407.8000000000029,24.28884087664304
H1,2026-02-07 16:00:00+00:00,2026-02-08 00:00:00+00:00,8.0,9,15,69482.2,65757.2,67619.7,3725.0,23.884275075793994
H1,2025-11-13 09:00:00+00:00,2025-11-13 13:00:00+00:00,4.0,19,6,103004.0,103087.6,103045.8,83.60000000000582,22.381841841414765
H1,2026-01-12 03:00:00+00:00,2026-01-12 13:00:00+00:00,10.0,11,11,91331.65,91331.65,91331.65,0.0,22.0
H1,2025-12-11 03:00:00+00:00,2025-12-11 13:00:00+00:00,10.0,11,11,91882.35,91938.0,91910.175,55.64999999999418,21.986687446124687
H1,2026-01-05 02:00:00+00:00,2026-01-05 10:00:00+00:00,8.0,12,10,92086.3,91321.85,91704.07500000001,764.4499999999971,21.421429832475432
H1,2025-11-24 03:00:00+00:00,2025-11-24 08:00:00+00:00,5.0,6,14,86724.35,85778.0,86251.175,946.3500000000058,21.365576373870702
H1,2026-01-18 05:00:00+00:00,2026-01-18 11:00:00+00:00,6.0,16,7,95220.7,95019.75,95120.225,200.9499999999971,21.155307516928954
H1,2025-12-21 13:00:00+00:00,2025-12-21 18:00:00+00:00,5.0,11,10,88299.25,88085.05,88192.15,214.1999999999971,20.749603620101954
H1,2025-12-05 05:00:00+00:00,2025-12-05 10:00:00+00:00,5.0,6,13,92211.25,92503.75,92357.5,292.5,20.33559633027523
H1,2025-11-28 03:00:00+00:00,2025-11-28 10:00:00+00:00,7.0,8,12,91171.25,89096.4,90133.825,2074.850000000006,20.331965078123066
H1,2025-12-15 18:00:00+00:00,2025-12-16 03:00:00+00:00,9.0,10,10,87522.7,87756.5,87639.6,233.8000000000029,19.946787082325255
H1,2026-02-02 21:00:00+00:00,2026-02-03 03:00:00+00:00,6.0,14,7,76933.0,76975.9,76954.45,42.89999999999418,19.589079624168885
H1,2025-12-09 19:00:00+00:00,2025-12-10 01:00:00+00:00,6.0,14,7,91961.95,91722.5,91842.225,239.4499999999971,19.549031987091897
H1,2025-12-26 07:00:00+00:00,2025-12-26 14:00:00+00:00,7.0,8,11,88191.20000000001,87956.3,88073.75,234.90000000000873,19.54786422394635
H1,2025-12-24 23:00:00+00:00,2025-12-25 03:00:00+00:00,4.0,17,5,87194.15,87629.95,87412.04999999999,435.8000000000029,19.50276734148872
H1,2026-01-21 08:00:00+00:00,2026-01-21 12:00:00+00:00,4.0,5,12,89601.15,90583.1,90092.125,981.9500000000116,18.201613357039307
H1,2026-01-16 02:00:00+00:00,2026-01-16 09:00:00+00:00,7.0,10,8,96117.5,96172.75,96145.125,55.25,17.58989193129445
H1,2026-01-17 03:00:00+00:00,2026-01-17 09:00:00+00:00,6.0,7,10,95019.75,95694.75,95357.25,675.0,17.47629155830463
H1,2026-01-27 21:00:00+00:00,2026-01-28 02:00:00+00:00,5.0,12,6,88382.2,87760.35,88071.275,621.8499999999913,16.682210937995478
H1,2025-12-07 01:00:00+00:00,2025-12-07 05:00:00+00:00,4.0,13,5,89563.70000000001,90320.9,89942.3,757.1999999999825,16.263085463536182
H1,2025-12-23 06:00:00+00:00,2025-12-23 13:00:00+00:00,7.0,8,8,88787.8,88787.8,88787.8,0.0,16.0
H1,2025-12-22 00:00:00+00:00,2025-12-22 07:00:00+00:00,7.0,8,8,88574.25,88574.25,88574.25,0.0,16.0
H1,2025-12-29 04:00:00+00:00,2025-12-29 11:00:00+00:00,7.0,8,8,88888.0,88819.1,88853.55,68.89999999999418,15.987602680762844
H1,2025-12-04 07:00:00+00:00,2025-12-04 11:00:00+00:00,4.0,13,5,92911.2,90253.0,91582.1,2658.199999999997,15.937411489564445
H1,2026-01-26 19:00:00+00:00,2026-01-27 00:00:00+00:00,5.0,9,7,87427.9,87733.04999999999,87580.47499999999,305.1499999999942,15.54583482793688
H1,2026-01-09 07:00:00+00:00,2026-01-09 11:00:00+00:00,4.0,12,5,90421.0,91085.0,90753.0,664.0,15.48669065928657
H1,2026-01-15 09:00:00+00:00,2026-01-15 13:00:00+00:00,4.0,6,9,96287.55,94816.35,95551.95000000001,1471.199999999997,15.363451093888418
H1,2026-01-31 06:00:00+00:00,2026-01-31 11:00:00+00:00,5.0,10,6,83215.5,84730.6,83973.05,1515.1000000000058,14.930611552595298
H1,2025-11-27 09:00:00+00:00,2025-11-27 13:00:00+00:00,4.0,5,9,89096.4,88996.5,89046.45,99.89999999999418,14.783414688318704
H1,2026-01-08 19:00:00+00:00,2026-01-09 00:00:00+00:00,5.0,9,6,90454.0,91533.5,90993.75,1079.5,14.231169204953662
H1,2025-12-01 05:00:00+00:00,2025-12-01 11:00:00+00:00,6.0,7,7,88749.04999999999,88749.04999999999,88749.04999999999,0.0,14.0
H1,2025-11-23 06:00:00+00:00,2025-11-23 11:00:00+00:00,5.0,8,6,85141.4,83713.4,84427.4,1428.0,13.373796406516073
H1,2026-01-20 08:00:00+00:00,2026-01-20 13:00:00+00:00,5.0,6,6,92000.6,93056.1,92528.35,1055.5,11.864656134578777
H1,2026-01-04 01:00:00+00:00,2026-01-04 05:00:00+00:00,4.0,6,5,90429.4,89961.0,90195.2,468.3999999999942,10.74420340687994
H1,2026-01-13 09:00:00+00:00,2026-01-13 13:00:00+00:00,4.0,5,5,91371.3,91371.3,91371.3,0.0,10.0
H4,2021-09-07 12:00:00+00:00,2021-09-11 04:00:00+00:00,88.0,23,49,47519.0,47519.0,47519.0,0.0,77.2
H4,2024-12-05 20:00:00+00:00,2024-12-09 04:00:00+00:00,80.0,21,47,97415.2,97415.2,97415.2,0.0,73.2
H4,2023-08-02 00:00:00+00:00,2023-08-05 16:00:00+00:00,88.0,23,41,29304.95,29304.95,29304.95,0.0,67.6
H4,2022-10-16 04:00:00+00:00,2022-10-17 16:00:00+00:00,36.0,23,36,18932.85,18932.85,18932.85,0.0,61.599999999999994
H4,2020-08-05 08:00:00+00:00,2020-08-06 08:00:00+00:00,24.0,26,33,11322.125,11322.125,11322.125,0.0,60.400000000000006
H4,2023-08-10 04:00:00+00:00,2023-08-11 20:00:00+00:00,40.0,19,37,29466.15,29466.15,29466.15,0.0,59.6
H4,2025-07-03 12:00:00+00:00,2025-07-06 04:00:00+00:00,64.0,17,37,107747.0,107747.0,107747.0,0.0,58.0
H4,2020-05-10 00:00:00+00:00,2020-05-12 00:00:00+00:00,48.0,13,39,9010.0,9010.0,9010.0,0.0,57.199999999999996
H4,2024-01-12 20:00:00+00:00,2024-01-15 16:00:00+00:00,68.0,18,35,45198.75,45198.75,45198.75,0.0,56.4
H4,2019-10-26 00:00:00+00:00,2019-10-27 20:00:00+00:00,44.0,12,38,8790.619999999999,8790.619999999999,8790.619999999999,0.0,55.2
H4,2020-07-10 12:00:00+00:00,2020-07-12 16:00:00+00:00,52.0,14,36,9295.71,9185.0,9240.355,110.70999999999913,53.75594245147478
H4,2023-03-30 00:00:00+00:00,2023-03-31 16:00:00+00:00,40.0,11,37,27832.4,27832.4,27832.4,0.0,53.2
H4,2024-01-03 12:00:00+00:00,2024-01-06 12:00:00+00:00,72.0,19,31,43141.5,43141.5,43141.5,0.0,52.4
H4,2023-11-18 04:00:00+00:00,2023-11-18 20:00:00+00:00,16.0,19,31,36223.15,36223.15,36223.15,0.0,52.4
H4,2023-05-01 20:00:00+00:00,2023-05-03 04:00:00+00:00,32.0,18,32,28800.0,28483.75,28641.875,316.25,52.223374268879624
H4,2025-12-03 20:00:00+00:00,2025-12-05 16:00:00+00:00,44.0,12,35,88985.5,88985.5,88985.5,0.0,51.6
H4,2023-04-28 00:00:00+00:00,2023-04-28 20:00:00+00:00,20.0,15,32,28483.75,28483.75,28483.75,0.0,50.4
H4,2023-07-09 04:00:00+00:00,2023-07-10 12:00:00+00:00,32.0,22,27,30624.0,30624.0,30624.0,0.0,50.0
H4,2023-02-03 04:00:00+00:00,2023-02-04 00:00:00+00:00,20.0,13,32,23382.800000000003,23382.800000000003,23382.800000000003,0.0,48.8
H4,2025-07-06 20:00:00+00:00,2025-07-07 16:00:00+00:00,20.0,6,37,108842.0,107747.0,108294.5,1095.0,48.70750300531587
H4,2022-09-30 16:00:00+00:00,2022-10-01 16:00:00+00:00,24.0,23,25,19417.5,19417.5,19417.5,0.0,48.400000000000006
H4,2019-12-18 20:00:00+00:00,2019-12-22 16:00:00+00:00,92.0,24,24,6953.495,6953.495,6953.495,0.0,48.0
H4,2025-07-08 08:00:00+00:00,2025-07-08 20:00:00+00:00,12.0,4,37,108442.35,107747.0,108094.675,695.3500000000058,47.295756481350196
H4,2021-03-05 16:00:00+00:00,2021-03-07 16:00:00+00:00,48.0,13,32,49500.755000000005,47841.78,48671.2675,1658.9750000000058,47.19146453546294
H4,2025-12-24 12:00:00+00:00,2025-12-26 16:00:00+00:00,52.0,14,30,88477.0,87503.8,87990.4,973.1999999999971,46.68366477975262
H4,2021-09-26 08:00:00+00:00,2021-09-26 20:00:00+00:00,12.0,13,31,42892.165,44176.79,43534.4775,1284.625,46.235667682100505
H4,2020-06-16 00:00:00+00:00,2020-06-19 04:00:00+00:00,76.0,21,25,9241.715,9452.21,9346.9625,210.49499999999898,45.76926918063721
H4,2025-02-05 12:00:00+00:00,2025-02-07 04:00:00+00:00,40.0,11,31,96793.15,98790.15,97791.65,1997.0,45.07943438457179
H4,2021-01-30 16:00:00+00:00,2021-01-31 16:00:00+00:00,24.0,14,28,33940.55,33940.55,33940.55,0.0,44.800000000000004
H4,2025-12-27 00:00:00+00:00,2025-12-27 08:00:00+00:00,8.0,11,30,87956.3,87503.8,87730.05,452.5,44.57011324802922
H4,2025-12-07 12:00:00+00:00,2025-12-08 00:00:00+00:00,12.0,4,35,90936.5,88985.5,89961.0,1951.0,44.24054748019846
H4,2025-12-06 20:00:00+00:00,2025-12-07 08:00:00+00:00,12.0,4,35,91080.65,88985.5,90033.075,2095.149999999994,44.17207636421954
H4,2024-10-25 12:00:00+00:00,2024-10-27 20:00:00+00:00,56.0,15,27,67032.4,67394.15,67213.275,361.75,44.16231307350608
H4,2022-12-08 16:00:00+00:00,2022-12-09 08:00:00+00:00,16.0,13,28,17042.5,17042.5,17042.5,0.0,44.0
H4,2020-04-20 20:00:00+00:00,2020-04-23 00:00:00+00:00,52.0,14,28,7012.975,6877.665,6945.32,135.3100000000004,43.94387731035233
H4,2023-07-25 04:00:00+00:00,2023-07-27 20:00:00+00:00,64.0,20,23,29599.1,29625.0,29612.05,25.900000000001455,43.56189884927938
H4,2021-11-12 16:00:00+00:00,2021-11-14 16:00:00+00:00,48.0,13,28,65755.85,64649.35,65202.600000000006,1106.5000000000073,43.265771967950094
H4,2022-12-09 16:00:00+00:00,2022-12-11 12:00:00+00:00,44.0,12,28,17010.2,17042.5,17026.35,32.29999999999927,43.11820220240172
H4,2020-11-26 16:00:00+00:00,2020-11-29 16:00:00+00:00,72.0,19,23,17867.595,17867.595,17867.595,0.0,42.8
H4,2022-01-26 16:00:00+00:00,2022-01-28 16:00:00+00:00,48.0,13,29,35870.205,38174.415,37022.31,2304.209999999999,42.551652472682555
H4,2023-07-11 12:00:00+00:00,2023-07-13 08:00:00+00:00,44.0,12,27,30484.4,30624.0,30554.2,139.59999999999854,41.808977708853256
H4,2020-09-25 16:00:00+00:00,2020-09-27 20:00:00+00:00,52.0,14,26,10484.74,10654.605,10569.6725,169.86499999999978,41.72936814085337
H4,2022-07-02 20:00:00+00:00,2022-07-05 00:00:00+00:00,52.0,14,26,19744.7,20225.5,19985.1,480.7999999999993,41.40390796397911
H4,2021-11-02 12:00:00+00:00,2021-11-05 08:00:00+00:00,68.0,18,23,61874.775,60949.775,61412.275,925.0,41.37677737758026
H4,2020-06-11 16:00:00+00:00,2020-06-14 20:00:00+00:00,76.0,20,21,9535.53,9535.53,9535.53,0.0,41.2
H4,2022-08-29 00:00:00+00:00,2022-08-30 16:00:00+00:00,40.0,11,27,20687.8,20716.8,20702.3,29.0,41.142367338275946
H4,2022-08-31 04:00:00+00:00,2022-09-02 00:00:00+00:00,44.0,12,27,20041.0,20716.8,20378.9,675.7999999999993,40.65191144970007
H4,2025-06-17 16:00:00+00:00,2025-06-18 08:00:00+00:00,16.0,18,22,106100.0,106633.8,106366.9,533.8000000000029,40.59626849964499
H4,2025-12-23 12:00:00+00:00,2025-12-24 08:00:00+00:00,20.0,6,30,88567.5,87503.8,88035.65,1063.699999999997,40.31291496514845
H4,2023-11-15 20:00:00+00:00,2023-11-18 00:00:00+00:00,52.0,19,21,36223.15,36473.100000000006,36348.125,249.95000000000437,40.1240843951492
H4,2020-04-03 12:00:00+00:00,2020-04-05 20:00:00+00:00,56.0,15,24,6715.0,6570.0,6642.5,145.0,39.92839779005525
H4,2022-04-26 20:00:00+00:00,2022-04-30 00:00:00+00:00,76.0,21,20,39235.9,40318.9,39777.4,1083.0,39.71860089475384
H4,2022-12-20 20:00:00+00:00,2022-12-23 04:00:00+00:00,56.0,20,21,16629.8,17305.0,16967.4,675.2000000000007,39.62323467062677
H4,2022-09-28 00:00:00+00:00,2022-09-30 08:00:00+00:00,56.0,23,18,19417.5,19229.65,19323.575,187.84999999999854,39.61489230028048
H4,2020-08-13 16:00:00+00:00,2020-08-14 04:00:00+00:00,12.0,15,23,11613.5,11613.5,11613.5,0.0,39.599999999999994
H4,2025-07-28 00:00:00+00:00,2025-07-29 08:00:00+00:00,32.0,9,27,117239.65,117483.7,117361.67499999999,244.0500000000029,39.517823898453926
H4,2025-12-22 12:00:00+00:00,2025-12-23 00:00:00+00:00,12.0,4,30,87503.8,87503.8,87503.8,0.0,39.2
H4,2022-03-16 00:00:00+00:00,2022-03-16 08:00:00+00:00,8.0,13,24,39652.0,39890.75,39771.375,238.75,38.96608420993436
H4,2022-01-02 00:00:00+00:00,2022-01-04 12:00:00+00:00,60.0,16,23,47112.5,48892.0,48002.25,1779.5,38.95586033034194
H4,2025-06-13 00:00:00+00:00,2025-06-14 00:00:00+00:00,24.0,7,28,106633.8,105479.35,106056.57500000001,1154.449999999997,38.77789378471105
H4,2021-12-17 16:00:00+00:00,2021-12-20 00:00:00+00:00,56.0,16,22,47426.43,48070.555,47748.4925,644.125,38.678232397741255
H4,2020-10-03 04:00:00+00:00,2020-10-05 12:00:00+00:00,56.0,17,21,10653.085,10697.515,10675.3,44.43000000000029,38.63918587501737
H4,2023-05-25 00:00:00+00:00,2023-05-27 08:00:00+00:00,56.0,15,22,26688.75,26688.75,26688.75,0.0,38.4
H4,2024-11-27 16:00:00+00:00,2024-11-29 12:00:00+00:00,44.0,15,22,94932.7,95263.2,95097.95,330.5,38.26700821400746
H4,2025-04-03 12:00:00+00:00,2025-04-06 12:00:00+00:00,72.0,19,19,84836.1,84836.1,84836.1,0.0,38.0
H4,2025-07-30 16:00:00+00:00,2025-07-31 04:00:00+00:00,12.0,7,27,117756.0,117483.7,117619.85,272.3000000000029,37.912229949152675
H4,2023-07-07 00:00:00+00:00,2023-07-09 00:00:00+00:00,48.0,22,17,30624.0,30534.0,30579.0,90.0,37.88848674557371
H4,2025-10-11 20:00:00+00:00,2025-10-12 20:00:00+00:00,24.0,7,27,112843.55,113862.5,113353.025,1018.9499999999971,37.66145465268043
H4,2023-11-25 08:00:00+00:00,2023-11-26 04:00:00+00:00,20.0,11,24,37017.85,37017.85,37017.85,0.0,37.599999999999994
H4,2025-06-11 16:00:00+00:00,2025-06-12 12:00:00+00:00,20.0,6,28,107790.5,105479.35,106634.925,2311.149999999994,37.58539369132849
H4,2025-04-07 04:00:00+00:00,2025-04-08 12:00:00+00:00,32.0,9,26,79571.6,81478.5,80525.05,1906.8999999999942,37.51169200777126
H4,2023-08-26 16:00:00+00:00,2023-08-27 00:00:00+00:00,8.0,21,17,26043.0,26043.0,26043.0,0.0,37.2
H4,2024-02-28 16:00:00+00:00,2024-03-01 12:00:00+00:00,44.0,12,23,57611.25,57406.35,57508.8,204.90000000000146,37.067929451759284
H4,2025-05-13 00:00:00+00:00,2025-05-15 00:00:00+00:00,48.0,21,18,103270.55,99595.05,101432.8,3675.5,37.057202142932574
H4,2025-12-11 04:00:00+00:00,2025-12-11 16:00:00+00:00,12.0,13,22,91121.5,91121.5,91121.5,0.0,36.8
H4,2021-06-10 08:00:00+00:00,2021-06-11 20:00:00+00:00,36.0,15,21,34729.0,35219.5,34974.25,490.5,36.68550039123355
H4,2021-05-05 00:00:00+00:00,2021-05-07 12:00:00+00:00,60.0,16,20,55968.485,55703.295,55835.89,265.1900000000023,36.62604627219297
H4,2025-10-13 20:00:00+00:00,2025-10-14 16:00:00+00:00,20.0,6,27,112006.75,113862.5,112934.625,1855.75,36.59860898616282
H4,2025-03-05 08:00:00+00:00,2025-03-06 20:00:00+00:00,36.0,13,22,88085.5,86585.6,87335.55,1499.8999999999942,36.17866786288582
H4,2025-10-13 00:00:00+00:00,2025-10-13 16:00:00+00:00,16.0,5,27,112628.3,113862.5,113245.4,1234.199999999997,36.007573052316744
H4,2023-07-20 20:00:00+00:00,2023-07-22 04:00:00+00:00,32.0,13,22,29910.0,30625.0,30267.5,715.0,35.95074638909061
H4,2022-05-01 00:00:00+00:00,2022-05-02 20:00:00+00:00,44.0,12,22,38863.3,39075.0,38969.15,211.6999999999971,35.80548660889184
H4,2025-04-10 08:00:00+00:00,2025-04-11 08:00:00+00:00,24.0,7,26,79005.95,81478.5,80242.225,2472.550000000003,35.69995662806312
H4,2025-09-06 20:00:00+00:00,2025-09-08 16:00:00+00:00,44.0,12,22,111306.7,110277.9,110792.29999999999,1028.800000000003,35.66878522926353
H4,2025-10-11 04:00:00+00:00,2025-10-11 16:00:00+00:00,12.0,4,27,113307.25,113862.5,113584.875,555.25,35.42681900865274
H4,2025-06-10 20:00:00+00:00,2025-06-11 04:00:00+00:00,8.0,3,28,107226.85,105479.35,106353.1,1747.5,35.41804208302266
H4,2019-11-30 04:00:00+00:00,2019-12-01 12:00:00+00:00,32.0,12,22,7350.0,7180.094999999999,7265.0475,169.90500000000065,35.17732090420214
H4,2025-05-03 08:00:00+00:00,2025-05-04 16:00:00+00:00,32.0,14,20,95356.75,95282.7,95319.725,74.05000000000291,35.17267578518619
H4,2024-06-12 00:00:00+00:00,2024-06-14 12:00:00+00:00,60.0,16,19,68111.35,69072.0,68591.675,960.6499999999942,35.10829623596336
H4,2025-12-12 04:00:00+00:00,2025-12-13 20:00:00+00:00,40.0,11,22,91877.5,91121.5,91499.5,756.0,34.911548904943345
H4,2025-10-23 16:00:00+00:00,2025-10-25 20:00:00+00:00,52.0,14,20,110150.15,108705.0,109427.575,1445.1499999999942,34.741192119161866
H4,2025-07-30 04:00:00+00:00,2025-07-30 12:00:00+00:00,8.0,3,27,118367.5,117483.7,117925.6,883.8000000000029,34.541129573922596
H4,2023-03-05 04:00:00+00:00,2023-03-05 12:00:00+00:00,8.0,16,18,22952.95,22952.95,22952.95,0.0,34.4
H4,2023-07-19 00:00:00+00:00,2023-07-20 16:00:00+00:00,40.0,11,22,29920.8,30625.0,30272.9,704.2000000000007,34.39980114342531
H4,2022-12-25 04:00:00+00:00,2022-12-26 20:00:00+00:00,40.0,13,20,16758.05,16629.8,16693.925,128.25,34.13773902601774
H4,2025-10-31 12:00:00+00:00,2025-11-01 16:00:00+00:00,28.0,8,23,111137.15,111290.1,111213.625,152.95000000001164,33.9533046607566
H4,2025-12-27 16:00:00+00:00,2025-12-28 16:00:00+00:00,24.0,11,21,87956.3,88477.0,88216.65,520.6999999999971,33.80049212648338
H4,2025-06-01 20:00:00+00:00,2025-06-02 12:00:00+00:00,16.0,5,25,105946.05,106866.05,106406.05,920.0,33.708551651719226
H4,2020-01-24 08:00:00+00:00,2020-01-26 08:00:00+00:00,48.0,13,20,8533.5,8726.15,8629.825,192.64999999999964,33.64883210210287
H4,2021-12-13 16:00:00+00:00,2021-12-16 00:00:00+00:00,56.0,20,15,48184.0,48764.5,48474.25,580.5,33.59765364210397
H4,2025-04-09 16:00:00+00:00,2025-04-10 04:00:00+00:00,12.0,4,26,79123.75,81478.5,80301.125,2354.75,33.419992226807835
H4,2025-06-03 12:00:00+00:00,2025-06-04 04:00:00+00:00,16.0,5,25,104903.55,106866.05,105884.8,1962.5,33.38130115450271
H4,2021-02-23 08:00:00+00:00,2021-02-25 20:00:00+00:00,60.0,16,17,51682.98,51682.98,51682.98,0.0,33.2
H4,2025-12-29 04:00:00+00:00,2025-12-30 16:00:00+00:00,36.0,10,21,88496.65,88477.0,88486.825,19.64999999999418,33.19262901386594
H4,2023-11-02 12:00:00+00:00,2023-11-04 12:00:00+00:00,48.0,13,19,35008.350000000006,34674.95,34841.65,333.40000000000873,32.88532013458403
H4,2022-08-05 08:00:00+00:00,2022-08-07 16:00:00+00:00,56.0,16,17,23010.0,23535.0,23272.5,525.0,32.46757012291207
H4,2023-09-29 20:00:00+00:00,2023-10-01 16:00:00+00:00,44.0,12,19,26679.35,26636.85,26658.1,42.5,32.34842812521068
H4,2025-09-03 16:00:00+00:00,2025-09-05 00:00:00+00:00,32.0,9,21,109876.35,110320.25,110098.3,443.8999999999942,32.26989258400864
H4,2023-05-21 08:00:00+00:00,2023-05-22 00:00:00+00:00,16.0,13,18,26917.65,26992.65,26955.15,75.0,31.911210259654496
H4,2025-06-03 00:00:00+00:00,2025-06-03 08:00:00+00:00,8.0,3,25,104751.45,106866.05,105808.75,2114.600000000006,31.765169446648937
H4,2025-10-22 16:00:00+00:00,2025-10-23 12:00:00+00:00,20.0,10,20,109997.9,108705.0,109351.45,1292.8999999999942,31.626073992933215
H4,2021-04-10 04:00:00+00:00,2021-04-11 20:00:00+00:00,40.0,11,19,58668.035,58668.035,58668.035,0.0,31.6
H4,2025-10-30 16:00:00+00:00,2025-10-31 08:00:00+00:00,16.0,5,23,111290.1,111290.1,111290.1,0.0,31.599999999999998
H4,2025-07-15 12:00:00+00:00,2025-07-16 12:00:00+00:00,24.0,18,15,119489.05,115350.0,117419.525,4139.050000000003,31.296785191830352
H4,2021-12-01 04:00:00+00:00,2021-12-02 20:00:00+00:00,40.0,15,16,56234.994999999995,56347.31,56291.1525,112.31500000000233,31.137872117525397
H4,2025-05-05 00:00:00+00:00,2025-05-06 08:00:00+00:00,32.0,9,20,95655.25,95282.7,95468.975,372.5500000000029,31.078721044975026
H4,2022-03-09 12:00:00+00:00,2022-03-11 00:00:00+00:00,36.0,16,16,39890.75,41242.0,40566.375,1351.25,30.96845300753561
H4,2024-04-10 20:00:00+00:00,2024-04-11 12:00:00+00:00,16.0,11,19,70218.29999999999,68695.2,69456.75,1523.0999999999913,30.9219207986492
H4,2025-05-24 04:00:00+00:00,2025-05-24 16:00:00+00:00,12.0,6,22,108037.35,106999.15,107518.25,1038.2000000000116,30.90161293962726
H4,2022-12-16 20:00:00+00:00,2022-12-18 20:00:00+00:00,48.0,13,17,17460.55,17460.55,17460.55,0.0,30.799999999999997
H4,2025-02-14 16:00:00+00:00,2025-02-16 00:00:00+00:00,32.0,13,17,96398.35,97058.15,96728.25,659.7999999999884,30.59133127729737
H4,2025-05-26 00:00:00+00:00,2025-05-26 20:00:00+00:00,20.0,6,22,109228.25,106999.15,108113.7,2229.100000000006,30.56971039342848
H4,2025-02-13 08:00:00+00:00,2025-02-14 12:00:00+00:00,28.0,13,17,96243.05,97058.15,96650.6,815.0999999999913,30.542421385164218
H4,2025-11-02 04:00:00+00:00,2025-11-02 16:00:00+00:00,12.0,4,23,109896.5,111290.1,110593.3,1393.6000000000058,30.416715169363556
H4,2025-06-15 00:00:00+00:00,2025-06-15 16:00:00+00:00,16.0,5,22,106482.0,106633.8,106557.9,151.8000000000029,30.356754446877833
H4,2024-05-12 04:00:00+00:00,2024-05-14 00:00:00+00:00,44.0,13,17,61782.3,62808.7,62295.5,1026.3999999999942,30.300755346886305
H4,2025-09-02 16:00:00+00:00,2025-09-03 08:00:00+00:00,16.0,6,21,109476.8,110320.25,109898.525,843.4499999999971,29.771509402825803
H4,2020-06-25 00:00:00+00:00,2020-06-27 00:00:00+00:00,48.0,13,16,9400.0,9400.0,9400.0,0.0,29.6
H4,2025-06-26 00:00:00+00:00,2025-06-27 00:00:00+00:00,24.0,7,20,103182.65,103182.65,103182.65,0.0,29.6
H4,2020-10-14 08:00:00+00:00,2020-10-15 08:00:00+00:00,24.0,14,16,11444.5,11121.33,11282.915,323.1700000000001,29.5535157634982
H4,2025-09-06 04:00:00+00:00,2025-09-06 16:00:00+00:00,12.0,4,22,110838.65,110277.9,110558.275,560.75,29.450626839103382
H4,2020-08-19 20:00:00+00:00,2020-08-20 08:00:00+00:00,12.0,12,17,12037.1,11813.21,11925.154999999999,223.89000000000124,29.447141730070136
H4,2024-06-02 00:00:00+00:00,2024-06-03 08:00:00+00:00,32.0,13,16,68134.7,68725.25,68429.975,590.5500000000029,29.346737944980855
H4,2025-09-09 04:00:00+00:00,2025-09-09 16:00:00+00:00,12.0,4,22,111597.15,110277.9,110937.525,1319.25,29.252138590298888
H4,2025-03-20 04:00:00+00:00,2025-03-22 04:00:00+00:00,48.0,17,13,84306.75,83701.7,84004.225,605.0500000000029,28.991187668255044
H4,2021-05-10 20:00:00+00:00,2021-05-12 16:00:00+00:00,44.0,12,16,56452.0,56267.19,56359.595,184.80999999999767,28.705869944161588
H4,2025-12-14 08:00:00+00:00,2025-12-14 16:00:00+00:00,8.0,3,22,91428.25,91121.5,91274.875,306.75,28.703535234278704
H4,2025-06-16 20:00:00+00:00,2025-06-17 04:00:00+00:00,8.0,3,22,105757.0,106633.8,106195.4,876.8000000000029,28.564160631797982
H4,2025-02-16 04:00:00+00:00,2025-02-16 16:00:00+00:00,12.0,13,15,96398.35,96398.35,96398.35,0.0,28.4
H4,2025-09-05 12:00:00+00:00,2025-09-06 00:00:00+00:00,12.0,4,21,110372.15,110320.25,110346.2,51.89999999999418,28.386648683265385
H4,2025-05-25 04:00:00+00:00,2025-05-25 12:00:00+00:00,8.0,3,22,108998.7,106999.15,107998.92499999999,1999.550000000003,28.276474196574082
H4,2025-07-20 20:00:00+00:00,2025-07-21 20:00:00+00:00,24.0,7,19,118660.8,119489.05,119074.925,828.25,28.203822542647433
H4,2025-06-27 04:00:00+00:00,2025-06-27 20:00:00+00:00,16.0,5,20,103898.75,103182.65,103540.7,716.1000000000058,27.807678731746996
H4,2025-06-22 20:00:00+00:00,2025-06-24 12:00:00+00:00,40.0,11,16,102300.8,103507.7,102904.25,1206.8999999999942,27.675412287732872
H4,2025-12-31 04:00:00+00:00,2026-01-02 00:00:00+00:00,44.0,16,12,88566.7,88364.2,88465.45,202.5,27.137880598344726
H4,2024-03-20 16:00:00+00:00,2024-03-22 08:00:00+00:00,40.0,11,16,64922.2,67340.7,66131.45,2418.5,27.012136405642895
H4,2022-09-19 20:00:00+00:00,2022-09-21 16:00:00+00:00,44.0,12,16,19198.8,20532.5,19865.65,1333.7000000000007,26.98812557932201
H4,2025-04-27 04:00:00+00:00,2025-04-28 12:00:00+00:00,32.0,9,17,93694.3,89834.8,91764.55,3859.5,26.486031286062445
H4,2025-08-03 00:00:00+00:00,2025-08-04 08:00:00+00:00,32.0,9,16,115380.0,115831.0,115605.5,451.0,26.297408589781696
H4,2026-01-14 20:00:00+00:00,2026-01-16 16:00:00+00:00,44.0,12,14,93999.05,93587.05,93793.05,412.0,26.28454122151626
H4,2025-07-20 04:00:00+00:00,2025-07-20 16:00:00+00:00,12.0,4,19,118870.2,119489.05,119179.625,618.8500000000058,25.865690276942168
H4,2025-06-28 04:00:00+00:00,2025-06-28 12:00:00+00:00,8.0,3,20,106410.35,103182.65,104796.5,3227.7000000000116,25.61118342001144
H4,2025-03-24 12:00:00+00:00,2025-03-25 16:00:00+00:00,28.0,8,16,85937.0,84932.75,85434.875,1004.25,25.302579127218145
H4,2025-03-26 00:00:00+00:00,2025-03-27 00:00:00+00:00,24.0,7,16,86170.75,84932.75,85551.75,1238.0,24.446243940096615
H4,2025-06-07 08:00:00+00:00,2025-06-07 16:00:00+00:00,8.0,12,12,103540.05,103540.05,103540.05,0.0,24.0
H4,2025-08-27 16:00:00+00:00,2025-08-28 04:00:00+00:00,12.0,4,17,112099.85,112978.55,112539.20000000001,878.6999999999971,23.417160077906573
H4,2025-02-09 20:00:00+00:00,2025-02-11 12:00:00+00:00,40.0,12,11,97381.25,96793.15,97087.2,588.1000000000058,22.66272189591432
H4,2025-05-15 12:00:00+00:00,2025-05-16 04:00:00+00:00,16.0,21,5,103270.55,100790.8,102030.675,2479.75,22.259017605181494
H4,2025-04-14 00:00:00+00:00,2025-04-14 20:00:00+00:00,20.0,6,15,82258.0,80278.5,81268.25,1979.5,22.257852014018397
H4,2025-10-28 04:00:00+00:00,2025-10-28 16:00:00+00:00,12.0,4,16,113015.1,111370.25,112192.675,1644.8500000000058,22.07634011719773
H4,2025-12-17 00:00:00+00:00,2025-12-17 12:00:00+00:00,12.0,4,16,87836.0,89814.0,88825.0,1978.0,21.912051363941718
H4,2026-01-12 00:00:00+00:00,2026-01-12 16:00:00+00:00,16.0,5,15,90865.0,92001.15,91433.075,1136.1499999999942,21.72998261571273
H4,2025-08-04 12:00:00+00:00,2025-08-04 20:00:00+00:00,8.0,3,16,115350.0,115831.0,115590.5,481.0,21.51048965508329
H4,2025-12-15 16:00:00+00:00,2025-12-16 00:00:00+00:00,8.0,3,16,89310.15,89814.0,89562.075,503.8500000000058,21.479164511994966
H4,2025-10-29 16:00:00+00:00,2025-10-30 00:00:00+00:00,8.0,3,16,112703.3,111370.25,112036.775,1333.050000000003,21.346018131367845
H4,2025-12-19 12:00:00+00:00,2025-12-20 08:00:00+00:00,20.0,18,6,87385.9,88977.95000000001,88181.925,1592.0500000000175,21.216946002446697
H4,2025-12-17 20:00:00+00:00,2025-12-18 04:00:00+00:00,8.0,3,16,87756.5,89814.0,88785.25,2057.5,21.110780992429227
H4,2025-07-14 04:00:00+00:00,2025-07-14 16:00:00+00:00,12.0,4,15,116866.1,115350.0,116108.05,1516.1000000000058,20.92674557053122
H4,2025-01-27 04:00:00+00:00,2025-01-28 16:00:00+00:00,36.0,11,10,102378.25,103840.0,103109.125,1461.75,20.509246001814557
H4,2025-06-19 08:00:00+00:00,2025-06-20 00:00:00+00:00,16.0,18,5,106100.0,106482.0,106291.0,382.0,20.326946837531523
H4,2025-06-18 12:00:00+00:00,2025-06-19 04:00:00+00:00,16.0,18,5,106100.0,106490.6,106295.3,390.6000000000058,20.325311217321122
H4,2026-01-12 20:00:00+00:00,2026-01-13 04:00:00+00:00,8.0,3,15,91060.4,92001.15,91530.775,940.75,20.192462598621574
H4,2025-10-19 20:00:00+00:00,2025-10-20 16:00:00+00:00,20.0,6,13,107715.0,109691.0,108703.0,1976.0,20.035789987260454
H4,2025-05-09 04:00:00+00:00,2025-05-10 16:00:00+00:00,36.0,10,10,98850.0,98850.0,98850.0,0.0,20.0
H4,2026-01-08 12:00:00+00:00,2026-01-09 08:00:00+00:00,20.0,10,10,92001.15,90974.75,91487.95,1026.3999999999942,19.778110098595512
H4,2025-08-30 00:00:00+00:00,2025-08-31 04:00:00+00:00,28.0,13,8,110355.0,112339.2,111347.1,1984.199999999997,19.64984077655511
H4,2026-01-18 04:00:00+00:00,2026-01-18 16:00:00+00:00,12.0,4,14,96083.3,93999.05,95041.175,2084.25,19.570812688850523
H4,2025-03-31 08:00:00+00:00,2025-04-01 00:00:00+00:00,16.0,5,13,84458.95,84987.0,84722.975,528.0500000000029,19.478596415702917
H4,2025-04-16 12:00:00+00:00,2025-04-17 12:00:00+00:00,24.0,9,11,84717.25,80510.75,82614.0,4206.5,19.411609009392944
H4,2025-07-11 08:00:00+00:00,2025-07-12 04:00:00+00:00,20.0,6,12,113141.4,113041.4,113091.4,100.0,19.183037580593577
H4,2025-12-21 08:00:00+00:00,2025-12-21 16:00:00+00:00,8.0,18,4,87385.9,87503.8,87444.85,117.90000000000873,19.17414791106949
H4,2026-01-19 04:00:00+00:00,2026-01-19 12:00:00+00:00,8.0,3,14,94477.5,93999.05,94238.275,478.4499999999971,19.103013538527648
H4,2025-09-26 12:00:00+00:00,2025-09-27 04:00:00+00:00,16.0,15,6,111230.9,113220.6,112225.75,1989.7000000000116,18.865524760441776
H4,2025-11-10 00:00:00+00:00,2025-11-10 20:00:00+00:00,20.0,6,12,102933.0,105052.4,103992.7,2119.399999999994,18.816514233532274
H4,2025-11-04 20:00:00+00:00,2025-11-06 00:00:00+00:00,28.0,12,8,105052.4,107481.55,106266.975,2429.1500000000087,18.770916810511878
H4,2025-12-18 20:00:00+00:00,2025-12-19 08:00:00+00:00,12.0,18,4,87385.9,89426.15,88406.025,2040.25,18.766894269553944
H4,2026-01-22 00:00:00+00:00,2026-01-23 00:00:00+00:00,24.0,7,11,91347.75,92568.8,91958.275,1221.050000000003,18.553639125417575
H4,2025-10-20 20:00:00+00:00,2025-10-21 08:00:00+00:00,12.0,4,13,107560.0,109691.0,108625.5,2131.0,18.43828037180662
H4,2025-12-01 12:00:00+00:00,2025-12-02 16:00:00+00:00,28.0,8,10,88433.0,88433.0,88433.0,0.0,18.4
H4,2025-07-23 04:00:00+00:00,2025-07-24 00:00:00+00:00,20.0,14,6,118082.55,118314.8,118198.675,232.25,18.363916519270617
H4,2026-01-26 08:00:00+00:00,2026-01-27 08:00:00+00:00,24.0,13,7,88608.35,90755.85,89682.1,2147.5,18.36034873287045
H4,2025-08-08 00:00:00+00:00,2025-08-08 16:00:00+00:00,16.0,8,10,115087.1,115380.0,115233.55,292.8999999999942,18.35334955761213
H4,2025-07-25 04:00:00+00:00,2025-07-26 08:00:00+00:00,28.0,11,8,117483.7,117809.4,117646.54999999999,325.6999999999971,18.349200934965637
H4,2025-08-12 00:00:00+00:00,2025-08-12 16:00:00+00:00,16.0,5,12,119150.0,117516.2,118333.1,1633.800000000003,18.149414880271138
H4,2026-01-30 00:00:00+00:00,2026-01-31 08:00:00+00:00,32.0,9,9,85796.35,86097.5,85946.925,301.1499999999942,17.9371499016065
H4,2025-09-28 08:00:00+00:00,2025-09-28 20:00:00+00:00,12.0,15,5,111230.9,112312.6,111771.75,1081.7000000000116,17.82747005076052
H4,2025-07-17 08:00:00+00:00,2025-07-17 16:00:00+00:00,8.0,18,3,119489.05,115786.75,117637.9,3702.300000000003,17.45078877404191
H4,2025-07-16 20:00:00+00:00,2025-07-17 04:00:00+00:00,8.0,18,3,119489.05,115670.5,117579.775,3818.550000000003,17.433815087646387
H4,2025-07-24 04:00:00+00:00,2025-07-24 20:00:00+00:00,16.0,14,5,118082.55,118408.25,118245.4,325.6999999999971,17.15275374859473
H4,2025-08-16 08:00:00+00:00,2025-08-17 00:00:00+00:00,16.0,14,5,120640.95,120197.8,120419.375,443.1499999999942,17.136935125259054
H4,2025-11-15 20:00:00+00:00,2025-11-16 12:00:00+00:00,16.0,5,11,99626.0,100714.35,100170.175,1088.3500000000058,17.015130429758877
H4,2025-06-08 20:00:00+00:00,2025-06-09 04:00:00+00:00,8.0,3,12,103393.85,103540.05,103466.95000000001,146.1999999999971,16.776294900792028
H4,2025-07-12 12:00:00+00:00,2025-07-12 20:00:00+00:00,8.0,3,12,113461.9,113041.4,113251.65,420.5,16.73785285138004
H4,2025-06-30 00:00:00+00:00,2025-07-01 04:00:00+00:00,28.0,8,9,107548.5,103449.65,105499.075,4098.850000000006,16.556737638965338
H4,2025-09-20 20:00:00+00:00,2025-09-21 20:00:00+00:00,24.0,7,9,116249.25,116106.85,116178.05,142.39999999999418,16.37992304878463
H4,2025-05-19 00:00:00+00:00,2025-05-19 16:00:00+00:00,16.0,5,10,104192.55,103896.15,104044.35,296.40000000000873,15.95454891784849
H4,2025-05-28 04:00:00+00:00,2025-05-29 00:00:00+00:00,20.0,11,6,108598.5,108037.35,108317.925,561.1499999999942,15.917537874012984
H4,2025-05-19 20:00:00+00:00,2025-05-20 12:00:00+00:00,16.0,5,10,104576.55,103896.15,104236.35,680.4000000000087,15.896237731344135
H4,2025-11-23 16:00:00+00:00,2025-11-24 08:00:00+00:00,16.0,8,8,86875.0,88600.0,87737.5,1725.0,15.691490848120722
H4,2025-11-14 20:00:00+00:00,2025-11-15 04:00:00+00:00,8.0,3,11,100714.35,100714.35,100714.35,0.0,15.6
H4,2025-03-03 20:00:00+00:00,2025-03-04 12:00:00+00:00,16.0,12,5,86585.6,87335.1,86960.35,749.5,15.46669456167124
H4,2025-06-06 04:00:00+00:00,2025-06-06 20:00:00+00:00,16.0,12,5,103540.05,104582.55,104061.3,1042.5,15.445267250089914
H4,2025-03-02 16:00:00+00:00,2025-03-03 00:00:00+00:00,8.0,12,5,86585.6,87594.1,87089.85,1008.5,15.421420037946229
H4,2025-02-12 16:00:00+00:00,2025-02-13 04:00:00+00:00,12.0,13,4,96243.05,97373.75,96808.4,1130.699999999997,15.024517072343938
H4,2025-04-18 08:00:00+00:00,2025-04-19 04:00:00+00:00,20.0,10,6,84753.45,82429.5,83591.475,2323.949999999997,14.788851012492808
H4,2025-05-22 16:00:00+00:00,2025-05-23 08:00:00+00:00,16.0,5,9,106999.15,106615.15,106807.15,384.0,14.746980697566915
H4,2025-05-02 12:00:00+00:00,2025-05-02 20:00:00+00:00,8.0,14,3,95356.75,94742.2,95049.475,614.5500000000029,14.704924134229143
H4,2025-05-17 08:00:00+00:00,2025-05-17 20:00:00+00:00,12.0,6,8,103110.0,103270.55,103190.275,160.5500000000029,14.377630367246706
H4,2025-05-07 00:00:00+00:00,2025-05-07 20:00:00+00:00,20.0,6,8,95513.5,95356.75,95435.125,156.75,14.37638711449064
H4,2025-10-08 04:00:00+00:00,2025-10-08 20:00:00+00:00,16.0,11,5,123362.25,119411.9,121387.075,3950.350000000006,14.333537728256344
H4,2025-08-23 04:00:00+00:00,2025-08-23 16:00:00+00:00,12.0,12,4,114511.65,115404.95,114958.29999999999,893.3000000000029,14.288965538671889
H4,2025-08-05 20:00:00+00:00,2025-08-06 16:00:00+00:00,20.0,9,6,113768.0,115554.35,114661.175,1786.3500000000058,14.179098439404356
H4,2025-11-27 12:00:00+00:00,2025-11-28 04:00:00+00:00,16.0,6,8,88579.15,86875.0,87727.075,1704.1499999999942,14.12560188010396
H4,2025-11-28 20:00:00+00:00,2025-11-29 16:00:00+00:00,20.0,6,8,89570.55,86840.0,88205.275,2730.550000000003,13.96760803566691
H4,2025-04-23 12:00:00+00:00,2025-04-24 12:00:00+00:00,24.0,7,7,89402.15,88984.1,89193.125,418.04999999998836,13.934687833297579
H4,2025-08-24 16:00:00+00:00,2025-08-25 16:00:00+00:00,24.0,7,7,113940.7,114521.0,114230.85,580.3000000000029,13.929238580050807
H4,2025-03-17 04:00:00+00:00,2025-03-17 12:00:00+00:00,8.0,13,3,82586.79999999999,81515.3,82051.04999999999,1071.4999999999854,13.819531523034364
H4,2025-12-09 16:00:00+00:00,2025-12-10 00:00:00+00:00,8.0,13,3,91121.5,89170.5,90146.0,1951.0,13.703421392662083
H4,2025-08-20 12:00:00+00:00,2025-08-21 12:00:00+00:00,24.0,7,7,115429.9,118423.7,116926.79999999999,2993.800000000003,13.650492075590016
H4,2025-10-03 20:00:00+00:00,2025-10-04 12:00:00+00:00,16.0,5,8,118257.65,116233.0,117245.325,2024.6499999999942,13.369135190981638
H4,2025-03-28 20:00:00+00:00,2025-03-29 04:00:00+00:00,8.0,3,9,86015.85,85937.0,85976.425,78.85000000000582,13.187905215572199
H4,2025-08-24 04:00:00+00:00,2025-08-24 12:00:00+00:00,8.0,12,3,114511.65,115091.95,114801.79999999999,580.3000000000029,13.133612232746675
H4,2025-11-12 16:00:00+00:00,2025-11-13 08:00:00+00:00,16.0,6,7,104092.35,103181.25,103636.8,911.1000000000058,13.084966412524786
H4,2025-04-02 20:00:00+00:00,2025-04-03 08:00:00+00:00,12.0,4,8,84861.0,84861.0,84861.0,0.0,12.8
H4,2025-09-24 04:00:00+00:00,2025-09-24 16:00:00+00:00,12.0,4,8,113497.1,114405.1,113951.1,908.0,12.698811674477687
H4,2025-05-11 04:00:00+00:00,2025-05-11 20:00:00+00:00,16.0,5,7,100359.3,99163.55,99761.425,1195.75,12.253132776347991
H4,2026-01-02 20:00:00+00:00,2026-01-03 04:00:00+00:00,8.0,3,8,88867.05,88782.5,88824.775,84.55000000000291,11.98858837360423
H4,2026-01-03 12:00:00+00:00,2026-01-03 20:00:00+00:00,8.0,3,8,89067.15,88782.5,88924.825,284.6499999999942,11.961710345229584
H4,2025-11-25 00:00:00+00:00,2025-11-25 16:00:00+00:00,16.0,5,7,84888.65,88306.1,86597.375,3417.4500000000116,11.929228879798409
H4,2026-01-06 08:00:00+00:00,2026-01-06 16:00:00+00:00,8.0,3,8,91580.75,90760.15,91170.45,820.6000000000058,11.892954803755366
H4,2025-07-09 16:00:00+00:00,2025-07-10 12:00:00+00:00,20.0,6,6,109718.4,108523.4,109120.9,1195.0,11.870009672223134
H4,2025-04-29 20:00:00+00:00,2025-04-30 04:00:00+00:00,8.0,9,4,94139.4,91048.3,92593.85,3091.0999999999913,11.61234028966938
H4,2025-09-19 08:00:00+00:00,2025-09-19 16:00:00+00:00,8.0,7,5,116106.85,115607.95,115857.4,498.90000000000873,11.550262770473108
H4,2026-02-01 08:00:00+00:00,2026-02-01 20:00:00+00:00,12.0,8,4,83046.35,83046.35,83046.35,0.0,11.2
H4,2026-01-31 16:00:00+00:00,2026-02-01 04:00:00+00:00,12.0,8,4,83046.35,83347.5,83196.925,301.1499999999942,11.159605296289765
H4,2025-05-01 12:00:00+00:00,2025-05-02 04:00:00+00:00,16.0,5,6,95044.0,94503.5,94773.75,540.5,11.136487985794359
H4,2025-10-18 12:00:00+00:00,2025-10-19 00:00:00+00:00,12.0,5,6,108523.05,112006.75,110264.9,3483.699999999997,10.85698531674236
H4,2025-03-29 16:00:00+00:00,2025-03-30 00:00:00+00:00,8.0,3,7,85050.5,85176.5,85113.5,126.0,10.784035570363505
H4,2025-04-11 20:00:00+00:00,2025-04-12 08:00:00+00:00,12.0,4,6,79439.25,79571.6,79505.425,132.35000000000582,10.382716242386227
H4,2025-09-22 04:00:00+00:00,2025-09-22 20:00:00+00:00,16.0,5,5,114672.2,114672.2,114672.2,0.0,10.0
H4,2025-08-08 20:00:00+00:00,2025-08-09 04:00:00+00:00,8.0,8,3,115087.1,115350.0,115218.55,262.8999999999942,9.977234438951019
H4,2026-01-04 04:00:00+00:00,2026-01-04 20:00:00+00:00,16.0,5,5,89484.45,89269.85,89377.15,214.59999999999127,9.97604690163994
H4,2026-01-20 20:00:00+00:00,2026-01-21 12:00:00+00:00,16.0,5,5,91704.55,92859.65,92282.1,1155.0999999999913,9.876376860607982
H4,2025-09-17 04:00:00+00:00,2025-09-17 20:00:00+00:00,16.0,5,5,115802.45,113990.65,114896.54999999999,1811.800000000003,9.84475832277639
H4,2025-06-20 16:00:00+00:00,2025-06-21 00:00:00+00:00,8.0,3,6,105577.65,105577.65,105577.65,0.0,9.6
H4,2025-10-15 12:00:00+00:00,2025-10-16 00:00:00+00:00,12.0,6,4,112706.5,113307.25,113006.875,600.75,9.54923580173426
H4,2025-08-01 20:00:00+00:00,2025-08-02 08:00:00+00:00,12.0,4,5,115959.35,116236.0,116097.675,276.6499999999942,9.178129368312126
H4,2025-09-12 16:00:00+00:00,2025-09-13 00:00:00+00:00,8.0,7,3,113660.3,112937.4,113298.85,722.9000000000087,9.141671830155211
H4,2026-02-09 16:00:00+00:00,2026-02-10 04:00:00+00:00,12.0,6,4,66050.0,69555.5,67802.75,3505.5,9.12806582688539
H4,2025-11-16 20:00:00+00:00,2025-11-17 08:00:00+00:00,12.0,4,5,98473.7,100198.25,99335.975,1724.550000000003,9.043006356834184
H4,2025-10-17 08:00:00+00:00,2025-10-17 20:00:00+00:00,12.0,4,5,109648.8,112628.3,111138.55,2979.5,8.959797858445706
H4,2025-09-16 04:00:00+00:00,2025-09-16 12:00:00+00:00,8.0,3,5,115549.2,113663.2,114606.2,1886.0,8.26400462863608
H4,2025-12-03 04:00:00+00:00,2025-12-03 16:00:00+00:00,12.0,4,4,88859.35,88859.35,88859.35,0.0,8.0
H4,2025-05-22 00:00:00+00:00,2025-05-22 12:00:00+00:00,12.0,4,4,106952.6,106568.6,106760.6,384.0,7.971328466390281
H4,2026-01-13 20:00:00+00:00,2026-01-14 08:00:00+00:00,12.0,4,4,93464.85,93052.85,93258.85,412.0,7.964812959421208
H4,2025-05-30 00:00:00+00:00,2025-05-30 12:00:00+00:00,12.0,4,4,107610.5,108240.25,107925.375,629.75,7.953590399347796
H4,2025-09-09 20:00:00+00:00,2025-09-10 08:00:00+00:00,12.0,4,4,111544.0,110372.15,110958.075,1171.8500000000058,7.916393415941373
H4,2025-06-21 20:00:00+00:00,2025-06-22 08:00:00+00:00,12.0,4,4,103638.05,104844.95,104241.5,1206.8999999999942,7.908436733037202
H4,2025-11-11 04:00:00+00:00,2025-11-11 12:00:00+00:00,8.0,5,3,103336.85,104799.9,104068.375,1463.0499999999884,7.4946363133066765
H4,2026-01-25 04:00:00+00:00,2026-01-25 12:00:00+00:00,8.0,5,3,89200.25,91413.7,90306.975,2213.449999999997,7.418178310356875
H4,2025-11-20 04:00:00+00:00,2025-11-20 12:00:00+00:00,8.0,5,3,92582.2,96930.7,94756.45,4348.5,7.266529270233223
H4,2025-08-09 08:00:00+00:00,2025-08-09 16:00:00+00:00,8.0,3,4,115244.55,114878.35,115061.45000000001,366.1999999999971,7.177157639439078
H4,2025-04-25 12:00:00+00:00,2025-04-25 20:00:00+00:00,8.0,3,4,91048.3,89734.8,90391.55,1313.5,7.096873727237487
H4,2025-09-01 04:00:00+00:00,2025-09-01 12:00:00+00:00,8.0,4,3,110320.25,111425.75,110873.0,1105.5,6.732867470094706
H4,2026-01-23 12:00:00+00:00,2026-01-23 20:00:00+00:00,8.0,4,3,90292.25,92180.25,91236.25,1888.0,6.662136876270144
H4,2025-06-25 12:00:00+00:00,2025-06-25 20:00:00+00:00,8.0,3,3,103105.55,103105.55,103105.55,0.0,6.0
H4,2025-10-02 00:00:00+00:00,2025-10-02 08:00:00+00:00,8.0,3,3,114296.75,114011.5,114154.125,285.25,5.9850444831597525
H4,2025-09-10 12:00:00+00:00,2025-09-10 20:00:00+00:00,8.0,3,3,112068.95,111310.45,111689.7,758.5,5.959528031573649
H4,2025-11-03 16:00:00+00:00,2025-11-04 00:00:00+00:00,8.0,3,3,108266.5,110840.1,109553.3,2573.600000000006,5.8622846078862425
H4,2025-08-20 00:00:00+00:00,2025-08-20 08:00:00+00:00,8.0,3,3,115529.0,118522.8,117025.9,2993.800000000003,5.850334570074745
M30,2020-06-09 00:00:00+00:00,2020-06-09 12:30:00+00:00,12.5,26,52,9720.015,9720.015,9720.015,0.0,83.2
M30,2024-03-08 16:00:00+00:00,2024-03-09 04:00:00+00:00,12.0,25,51,68225.4,68225.4,68225.4,0.0,81.19999999999999
M30,2023-09-06 17:30:00+00:00,2023-09-07 05:30:00+00:00,12.0,25,51,25689.0,25689.0,25689.0,0.0,81.19999999999999
M30,2020-08-02 04:30:00+00:00,2020-08-02 16:30:00+00:00,12.0,25,51,11322.125,11322.125,11322.125,0.0,81.19999999999999
M30,2019-10-19 12:30:00+00:00,2019-10-20 00:30:00+00:00,12.0,25,51,7980.33,7980.33,7980.33,0.0,81.19999999999999
M30,2021-09-13 14:00:00+00:00,2021-09-14 02:00:00+00:00,12.0,25,50,45128.91,45128.91,45128.91,0.0,80.0
M30,2023-08-25 16:00:00+00:00,2023-08-26 02:30:00+00:00,10.5,25,48,26027.2,26027.2,26027.2,0.0,77.6
M30,2023-11-05 23:00:00+00:00,2023-11-06 10:00:00+00:00,11.0,23,49,34905.6,34905.6,34905.6,0.0,77.2
M30,2021-03-31 08:00:00+00:00,2021-03-31 19:00:00+00:00,11.0,23,49,58366.0,58366.0,58366.0,0.0,77.2
M30,2019-12-12 01:30:00+00:00,2019-12-12 12:30:00+00:00,11.0,23,49,7187.5599999999995,7187.5599999999995,7187.5599999999995,0.0,77.2
M30,2026-01-19 00:00:00+00:00,2026-01-19 10:30:00+00:00,10.5,22,48,93645.0,93645.0,93645.0,0.0,75.19999999999999
M30,2023-03-22 20:00:00+00:00,2023-03-23 06:30:00+00:00,10.5,22,48,27735.5,27735.5,27735.5,0.0,75.19999999999999
M30,2023-09-27 14:00:00+00:00,2023-09-28 00:30:00+00:00,10.5,22,48,26449.95,26449.95,26449.95,0.0,75.19999999999999
M30,2020-02-13 13:30:00+00:00,2020-02-14 00:00:00+00:00,10.5,22,48,10320.5,10320.5,10320.5,0.0,75.19999999999999
M30,2020-03-25 11:30:00+00:00,2020-03-25 22:00:00+00:00,10.5,22,48,6698.485000000001,6698.485000000001,6698.485000000001,0.0,75.19999999999999
M30,2019-10-31 12:00:00+00:00,2019-10-31 22:30:00+00:00,10.5,22,48,9185.82,9185.82,9185.82,0.0,75.19999999999999
M30,2020-10-25 05:30:00+00:00,2020-10-25 16:00:00+00:00,10.5,22,48,13042.0,13042.0,13042.0,0.0,75.19999999999999
M30,2020-12-01 13:00:00+00:00,2020-12-01 23:30:00+00:00,10.5,22,48,19003.0,19003.0,19003.0,0.0,75.19999999999999
M30,2026-01-23 17:30:00+00:00,2026-01-24 03:30:00+00:00,10.0,21,47,89862.5,89862.5,89862.5,0.0,73.2
M30,2024-03-27 16:00:00+00:00,2024-03-28 02:00:00+00:00,10.0,21,47,70126.4,70126.4,70126.4,0.0,73.2
M30,2023-08-11 16:30:00+00:00,2023-08-12 02:30:00+00:00,10.0,21,47,29392.55,29392.55,29392.55,0.0,73.2
M30,2020-01-12 00:00:00+00:00,2020-01-12 10:00:00+00:00,10.0,21,47,8124.235000000001,8124.235000000001,8124.235000000001,0.0,73.2
M30,2023-01-18 16:30:00+00:00,2023-01-19 02:30:00+00:00,10.0,21,47,21029.0,21029.0,21029.0,0.0,73.2
M30,2026-01-21 18:30:00+00:00,2026-01-22 03:30:00+00:00,9.0,22,45,88902.5,88902.5,88902.5,0.0,71.6
M30,2024-01-20 10:00:00+00:00,2024-01-20 18:30:00+00:00,8.5,21,46,41617.5,41248.5,41433.0,369.0,71.36443232381225
M30,2024-01-19 20:00:00+00:00,2024-01-20 05:30:00+00:00,9.5,20,46,41248.5,41248.5,41248.5,0.0,71.19999999999999
M30,2025-11-28 17:30:00+00:00,2025-11-29 03:00:00+00:00,9.5,20,46,91617.5,91617.5,91617.5,0.0,71.19999999999999
M30,2019-11-12 15:00:00+00:00,2019-11-13 00:30:00+00:00,9.5,20,46,8720.59,8720.59,8720.59,0.0,71.19999999999999
M30,2022-12-21 18:00:00+00:00,2022-12-22 03:00:00+00:00,9.0,26,41,16809.2,16809.2,16809.2,0.0,70.0
M30,2022-09-30 16:30:00+00:00,2022-10-01 01:00:00+00:00,8.5,21,44,19619.35,19619.35,19619.35,0.0,69.6
M30,2024-06-14 17:00:00+00:00,2024-06-15 02:00:00+00:00,9.0,19,45,66209.45,66209.45,66209.45,0.0,69.2
M30,2022-01-02 18:30:00+00:00,2022-01-03 05:30:00+00:00,11.0,23,42,47302.84,47302.84,47302.84,0.0,68.8
M30,2025-03-12 17:00:00+00:00,2025-03-13 01:00:00+00:00,8.0,21,43,82532.75,82532.75,82532.75,0.0,68.4
M30,2022-06-04 20:00:00+00:00,2022-06-05 02:30:00+00:00,6.5,25,40,29722.0,29722.0,29722.0,0.0,68.0
M30,2023-05-19 21:00:00+00:00,2023-05-20 03:30:00+00:00,6.5,25,40,26895.6,26895.6,26895.6,0.0,68.0
M30,2020-02-20 16:30:00+00:00,2020-02-20 19:00:00+00:00,2.5,21,44,9541.295,9789.535,9665.415,248.23999999999978,67.8572014055361
M30,2021-08-14 11:00:00+00:00,2021-08-14 22:00:00+00:00,11.0,23,41,47150.0,47150.0,47150.0,0.0,67.6
M30,2021-10-23 16:30:00+00:00,2021-10-23 23:30:00+00:00,7.0,23,41,60701.0,60701.0,60701.0,0.0,67.6
M30,2020-06-08 09:00:00+00:00,2020-06-08 15:30:00+00:00,6.5,24,41,9723.5,9598.065,9660.782500000001,125.43499999999949,67.52328190130662
M30,2024-02-02 18:30:00+00:00,2024-02-03 02:00:00+00:00,7.5,21,42,42996.35,42996.35,42996.35,0.0,67.2
M30,2019-10-21 21:00:00+00:00,2019-10-22 03:30:00+00:00,6.5,24,40,8242.285,8242.285,8242.285,0.0,67.2
M30,2021-10-28 20:00:00+00:00,2021-10-29 07:00:00+00:00,11.0,23,40,60095.630000000005,60095.630000000005,60095.630000000005,0.0,66.4
M30,2022-01-08 22:00:00+00:00,2022-01-09 07:30:00+00:00,9.5,20,42,41417.5,41417.5,41417.5,0.0,66.4
M30,2025-03-02 19:30:00+00:00,2025-03-03 03:00:00+00:00,7.5,20,42,89993.0,89993.0,89993.0,0.0,66.4
M30,2024-10-15 15:30:00+00:00,2024-10-16 02:30:00+00:00,11.0,24,39,66362.7,66362.7,66362.7,0.0,66.0
M30,2024-08-25 00:30:00+00:00,2024-08-25 10:00:00+00:00,9.5,21,41,64035.85,64035.85,64035.85,0.0,66.0
M30,2020-06-10 18:30:00+00:00,2020-06-11 07:00:00+00:00,12.5,26,37,9848.6,9848.6,9848.6,0.0,65.2
M30,2023-11-09 20:00:00+00:00,2023-11-10 02:30:00+00:00,6.5,21,40,36901.95,36901.95,36901.95,0.0,64.8
M30,2020-06-13 20:00:00+00:00,2020-06-14 08:00:00+00:00,12.0,25,37,9418.925,9418.925,9418.925,0.0,64.4
M30,2023-03-03 15:00:00+00:00,2023-03-03 22:00:00+00:00,7.0,23,38,22307.65,22721.6,22514.625,413.9499999999971,62.844550958792695
M30,2023-10-05 17:00:00+00:00,2023-10-06 02:30:00+00:00,9.5,20,39,27721.75,27721.75,27721.75,0.0,62.8
M30,2023-06-13 19:00:00+00:00,2023-06-14 01:00:00+00:00,6.0,20,39,26069.25,26069.25,26069.25,0.0,62.8
M30,2024-01-03 16:30:00+00:00,2024-01-03 22:00:00+00:00,5.5,21,38,42957.65,42957.65,42957.65,0.0,62.400000000000006
M30,2023-06-18 23:00:00+00:00,2023-06-19 08:30:00+00:00,9.5,20,38,26470.15,26470.15,26470.15,0.0,61.6
M30,2021-06-07 01:30:00+00:00,2021-06-07 11:00:00+00:00,9.5,20,38,36010.93,36010.93,36010.93,0.0,61.6
M30,2021-12-08 19:00:00+00:00,2021-12-09 00:30:00+00:00,5.5,20,38,49871.965,49871.965,49871.965,0.0,61.6
M30,2020-10-14 15:30:00+00:00,2020-10-15 02:00:00+00:00,10.5,22,36,11415.25,11415.25,11415.25,0.0,60.8
M30,2020-03-10 20:30:00+00:00,2020-03-11 01:30:00+00:00,5.0,20,37,7944.655000000001,7944.655000000001,7944.655000000001,0.0,60.4
M30,2026-01-24 11:00:00+00:00,2026-01-24 13:00:00+00:00,2.0,5,47,89638.7,89862.5,89750.6,223.8000000000029,60.24976259913931
M30,2023-06-01 06:30:00+00:00,2023-06-01 12:30:00+00:00,6.0,20,36,26973.95,26973.95,26973.95,0.0,59.199999999999996
M30,2023-11-17 23:00:00+00:00,2023-11-18 03:00:00+00:00,4.0,21,35,36444.4,36444.4,36444.4,0.0,58.8
M30,2023-04-12 21:00:00+00:00,2023-04-13 01:00:00+00:00,4.0,21,35,30050.0,30050.0,30050.0,0.0,58.8
M30,2026-01-22 08:30:00+00:00,2026-01-22 10:30:00+00:00,2.0,5,45,89833.45,88902.5,89367.975,930.9499999999971,57.402040500482144
M30,2026-01-01 09:30:00+00:00,2026-01-01 14:30:00+00:00,5.0,11,39,87786.7,88191.0,87988.85,404.3000000000029,55.345692058717205
M30,2026-01-06 22:30:00+00:00,2026-01-07 02:30:00+00:00,4.0,18,33,92812.2,92812.2,92812.2,0.0,54.0
M30,2026-01-09 21:30:00+00:00,2026-01-10 03:30:00+00:00,6.0,13,36,90899.5,90815.9,90857.7,83.60000000000582,53.550726897460216
M30,2026-01-09 16:30:00+00:00,2026-01-09 21:00:00+00:00,4.5,12,36,90815.9,90815.9,90815.9,0.0,52.8
M30,2026-01-12 16:30:00+00:00,2026-01-13 02:30:00+00:00,10.0,21,30,91182.5,91277.0,91229.75,94.5,52.7453639093669
M30,2026-01-27 21:00:00+00:00,2026-01-28 06:00:00+00:00,9.0,19,25,88382.2,88382.2,88382.2,0.0,45.2
M30,2026-01-03 07:30:00+00:00,2026-01-03 16:00:00+00:00,8.5,19,24,89858.6,89673.15,89765.875,185.45000000001164,43.90928649466808
M30,2026-01-07 10:00:00+00:00,2026-01-07 12:00:00+00:00,2.0,5,33,92646.65,92812.2,92729.42499999999,165.5500000000029,43.52229956464276
M30,2026-01-18 01:00:00+00:00,2026-01-18 03:30:00+00:00,2.5,6,32,95220.7,95220.7,95220.7,0.0,43.2
M30,2026-01-27 11:00:00+00:00,2026-01-27 14:00:00+00:00,3.0,7,31,88345.20000000001,87971.65,88158.425,373.55000000001746,42.61941055759796
M30,2026-01-31 04:30:00+00:00,2026-01-31 06:30:00+00:00,2.0,23,19,83215.5,83215.5,83215.5,0.0,41.2
M30,2026-01-12 03:00:00+00:00,2026-01-12 11:30:00+00:00,8.5,18,22,91331.65,91331.65,91331.65,0.0,40.8
M30,2026-01-05 02:00:00+00:00,2026-01-05 07:30:00+00:00,5.5,13,25,92086.3,92086.3,92086.3,0.0,40.4
M30,2026-02-03 00:00:00+00:00,2026-02-03 03:30:00+00:00,3.5,8,28,78413.3,76933.0,77673.15,1480.300000000003,39.251934059728285
M30,2026-02-09 20:00:00+00:00,2026-02-10 00:30:00+00:00,4.5,14,22,69678.35,70285.85,69982.1,607.5,37.27641125604905
M30,2026-01-26 17:30:00+00:00,2026-01-27 00:30:00+00:00,7.0,19,18,87897.05,87427.9,87662.475,469.15000000000873,36.604103010695646
M30,2026-01-29 02:30:00+00:00,2026-01-29 06:00:00+00:00,3.5,8,24,89121.4,89121.4,89121.4,0.0,35.199999999999996
M30,2026-01-23 10:00:00+00:00,2026-01-23 14:00:00+00:00,4.0,9,23,89436.65,89387.55,89412.1,49.09999999999127,34.78090032326863
M30,2026-01-30 19:30:00+00:00,2026-01-31 01:00:00+00:00,5.5,23,12,83215.5,82849.95,83032.725,365.5500000000029,32.65623155874626
M30,2026-01-16 03:00:00+00:00,2026-01-16 06:00:00+00:00,3.0,7,21,96063.8,96117.5,96090.65,53.69999999999709,30.782797117043284
M30,2026-02-09 14:00:00+00:00,2026-02-09 16:00:00+00:00,2.0,5,22,69853.29999999999,70285.85,70069.575,432.55000000001746,30.213487607643025
M30,2026-01-15 03:30:00+00:00,2026-01-15 08:00:00+00:00,4.5,11,17,96832.6,96172.75,96502.675,659.8500000000058,29.001697002007717
M30,2026-01-08 18:00:00+00:00,2026-01-08 21:30:00+00:00,3.5,8,18,90333.55,90454.0,90393.775,120.44999999999709,27.96273955834014
M30,2026-01-02 23:30:00+00:00,2026-01-03 03:00:00+00:00,3.5,21,9,89673.15,89634.75,89653.95,38.39999999999418,27.588183607632093
M30,2026-02-02 07:30:00+00:00,2026-02-02 11:30:00+00:00,4.0,9,17,76333.0,76874.5,76603.75,541.5,27.406269342571317
M30,2026-01-08 22:00:00+00:00,2026-01-09 00:30:00+00:00,2.5,6,18,90345.95,90454.0,90399.975,108.05000000000291,26.368483236707462
M30,2026-01-10 11:00:00+00:00,2026-01-10 16:30:00+00:00,5.5,13,13,90575.8,90899.5,90737.65,323.6999999999971,25.907576595339297
M30,2026-02-06 06:30:00+00:00,2026-02-06 10:30:00+00:00,4.0,13,13,63291.5,65872.2,64581.85,2580.699999999997,25.000958123239812
M30,2026-02-07 20:30:00+00:00,2026-02-07 23:00:00+00:00,2.5,6,17,68775.1,69482.2,69128.65,707.0999999999913,24.944845297716427
M30,2026-02-03 23:00:00+00:00,2026-02-04 02:00:00+00:00,3.0,7,16,75657.5,76026.1,75841.8,368.6000000000058,24.68005206638464
M30,2026-01-26 08:00:00+00:00,2026-01-26 11:30:00+00:00,3.5,8,15,87194.6,87484.4,87339.5,289.79999999998836,24.31930644202339
M30,2026-01-06 18:00:00+00:00,2026-01-06 21:30:00+00:00,3.5,18,8,92812.2,92984.65,92898.42499999999,172.4499999999971,23.95553066413097
M30,2026-01-30 06:30:00+00:00,2026-01-30 10:00:00+00:00,3.5,12,12,82849.95,84730.6,83790.275,1880.6500000000087,23.473151480505198
M30,2026-02-04 05:00:00+00:00,2026-02-04 07:30:00+00:00,2.5,6,15,74920.85,75969.1,75444.975,1048.25,22.487552721172367
M30,2026-01-11 06:30:00+00:00,2026-01-11 10:30:00+00:00,4.0,11,11,90588.25,90588.25,90588.25,0.0,22.0
M30,2026-01-17 06:00:00+00:00,2026-01-17 08:30:00+00:00,2.5,6,14,95090.0,95019.75,95054.875,70.25,21.58404837838584
M30,2026-01-04 01:30:00+00:00,2026-01-04 04:30:00+00:00,3.0,7,12,90732.05,90429.4,90580.725,302.65000000000873,19.933398160004508
M30,2026-01-21 08:00:00+00:00,2026-01-21 11:00:00+00:00,3.0,10,10,88937.6,89601.15,89269.375,663.5499999999884,19.852434467132035
M30,2026-01-13 11:00:00+00:00,2026-01-13 14:00:00+00:00,3.0,7,11,91843.8,91371.3,91607.55,472.5,18.70352959191486
M30,2026-01-16 21:30:00+00:00,2026-01-17 00:00:00+00:00,2.5,12,7,94998.75,95036.15,95017.45,37.39999999999418,17.992917773264594
M30,2026-01-14 00:00:00+00:00,2026-01-14 02:30:00+00:00,2.5,10,7,94282.15,93937.35,94109.75,344.79999999998836,16.34013289989736
M30,2026-01-28 13:30:00+00:00,2026-01-28 17:00:00+00:00,3.5,8,8,89615.2,88854.9,89235.04999999999,760.3000000000029,15.864828571698427
M30,2026-01-20 02:00:00+00:00,2026-01-20 04:00:00+00:00,2.0,11,5,92747.5,92747.5,92747.5,0.0,14.8
M30,2026-01-01 23:30:00+00:00,2026-01-02 02:30:00+00:00,3.0,7,7,88319.9,88194.9,88257.4,125.0,13.980199677763897
M30,2026-01-25 19:30:00+00:00,2026-01-25 22:30:00+00:00,3.0,7,7,87523.55,87772.2,87647.875,248.64999999999418,13.960395476385443
M30,2026-01-24 22:00:00+00:00,2026-01-25 00:00:00+00:00,2.0,6,7,89379.1,89505.4,89442.25,126.29999999998836,13.181386770244691
M30,2026-01-28 22:30:00+00:00,2026-01-29 00:30:00+00:00,2.0,8,5,89710.85,89689.35,89700.1,21.5,12.397028586204438
M30,2026-01-02 12:00:00+00:00,2026-01-02 14:00:00+00:00,2.0,8,5,89112.2,88829.2,88970.7,283.0,12.360682862447158
M30,2026-01-07 23:00:00+00:00,2026-01-08 01:00:00+00:00,2.0,8,5,91441.7,92188.75,91815.225,747.0500000000029,12.299922295557232
M30,2026-02-05 06:00:00+00:00,2026-02-05 08:00:00+00:00,2.0,7,5,72113.20000000001,73423.15,72768.175,1309.9499999999825,11.3948730478802
M30,2026-01-17 22:30:00+00:00,2026-01-18 00:30:00+00:00,2.0,5,6,95310.95,95299.7,95305.325,11.25,11.198678089303984
M30,2026-02-08 14:00:00+00:00,2026-02-08 16:00:00+00:00,2.0,6,5,70226.45,69907.45,70066.95,319.0,10.751052731404492
W1,2022-01-24 00:00:00+00:00,2022-05-02 00:00:00+00:00,2352.0,15,18,51026.265,48943.35,49984.807499999995,2082.915000000001,32.25586700090444
W1,2024-05-27 00:00:00+00:00,2024-07-15 00:00:00+00:00,1176.0,8,22,56213.2,49231.2,52722.2,6982.0,28.964263150666117
W1,2022-06-27 00:00:00+00:00,2022-09-19 00:00:00+00:00,2016.0,13,21,32896.6,43395.95,38146.274999999994,10499.349999999999,27.916331427543586
W1,2025-11-17 00:00:00+00:00,2026-01-19 00:00:00+00:00,1512.0,10,13,103404.25,100332.75,101868.5,3071.5,22.909249094720796
W1,2023-07-10 00:00:00+00:00,2023-08-28 00:00:00+00:00,1176.0,8,15,25685.8,23646.6,24666.199999999997,2039.2000000000007,22.536838242452834
W1,2025-02-10 00:00:00+00:00,2025-02-24 00:00:00+00:00,336.0,4,14,81255.4,79444.0,80349.7,1811.3999999999942,19.559061404971455
W1,2023-09-11 00:00:00+00:00,2023-10-16 00:00:00+00:00,840.0,6,15,28215.5,23646.6,25931.05,4568.9000000000015,19.384554400908854
W1,2025-03-17 00:00:00+00:00,2025-03-31 00:00:00+00:00,336.0,3,14,84450.0,79444.0,81947.0,5006.0,18.094630432532522
W1,2022-12-26 00:00:00+00:00,2023-02-06 00:00:00+00:00,1008.0,9,13,20321.6,31821.6,26071.6,11500.0,15.821324617530264
W1,2021-07-19 00:00:00+00:00,2021-08-23 00:00:00+00:00,840.0,14,6,46837.055,37397.345,42117.2,9439.71,15.031088558255332
W1,2023-02-20 00:00:00+00:00,2023-03-06 00:00:00+00:00,336.0,3,13,20395.4,31821.6,26108.5,11426.199999999997,12.52049436921036
W1,2025-05-19 00:00:00+00:00,2025-06-30 00:00:00+00:00,1008.0,7,7,93208.25,80423.75,86816.0,12784.5,12.202990948840618
W1,2024-12-16 00:00:00+00:00,2025-01-13 00:00:00+00:00,672.0,5,5,78627.4,73455.9,76041.65,5171.5,9.363218887581631
W1,2024-01-08 00:00:00+00:00,2024-02-05 00:00:00+00:00,672.0,5,5,36804.25,34274.55,35539.4,2529.699999999997,9.335497818440677
W1,2025-08-11 00:00:00+00:00,2025-08-25 00:00:00+00:00,336.0,7,3,99501.3,88528.20000000001,94014.75,10973.099999999991,8.238436161898735
W1,2021-01-18 00:00:00+00:00,2021-02-01 00:00:00+00:00,336.0,3,5,25967.045,22873.66,24420.3525,3093.3849999999984,7.455583269993764
W1,2024-08-12 00:00:00+00:00,2024-09-02 00:00:00+00:00,504.0,4,4,61384.7,49384.7,55384.7,12000.0,6.575344254704704
W1,2025-07-14 00:00:00+00:00,2025-07-28 00:00:00+00:00,336.0,4,3,98878.5,86094.0,92486.25,12784.5,5.974180862205314
